text,true_label,predicted_label_svm,predicted_label_bert,predicted_label_roberta
@user @user what do these '1/2 naked pics' have to do with anything? They're not even like that.,neutral,negative,negative,negative
"@user Wow,first Hugo Chavez and now Fidel Castro. Danny Glover, Michael Moore, Oliver Stone, and Sean Penn are running out of heroes.",negative,neutral,positive,neutral
Survey shows Poroshenko has lost considerable electoral support in two years,neutral,negative,negative,negative
"So that Westworld show, it isn't too bad. I guess. If you like that sort of thing.",neutral,negative,positive,positive
"@user it's weird 'cause I usually like music in his vein, but it's every so shy of being memorable like a Bob Dylan/Lou Reed thing(?)",negative,neutral,positive,neutral
#Putin has had it with #Obama and has decided to throw #America out of #Syria negotiationshttp,neutral,negative,negative,negative
"With James Comey in office, how could the US investigate the Russians? @user @user @user @user",negative,neutral,neutral,neutral
This isn't the 1st time @user & the #Hamas supporting #IntifadaBrigade mock disasters/terror attacks while p…,neutral,negative,negative,negative
Come on Electoral College. Please do your job. Majority of Americans do not want @user This is NOT the f…,neutral,positive,negative,negative
CNN weeps for their erstwhile hero Fidel Castro.,negative,positive,neutral,neutral
"@user it's free with insurance because of Obamacare, which trump wants to repeal 🙃",negative,neutral,neutral,neutral
"Okay, @user I think I've got my #GilmoreGirlsTop4: Max, Jess, Luke, Sookie",neutral,positive,positive,positive
@user Wow...this is one deadly statement! Reminding me of the Greta Muhammad Ali.,positive,neutral,negative,negative
i bought it for kh3 and persona 5 and ffxiv (tho i havent touched that in months,positive,neutral,neutral,neutral
Drop 75% Price: £7.88. Paperback: The Gay & Lesbian Marriage & Family Reader: Analyses of Problems and Prospe...,negative,neutral,neutral,neutral
"@user Stay right here, buddy. There are lots of nasty women and bad hombres that are staying too.",neutral,negative,negative,negative
"Suarez on twitter: ""YNWA #StevenGerrard"" [@user] #FCBlive",positive,neutral,neutral,neutral
"@user sadly, Putin has won big time over the past 10-15 years. His biggest triumph being the election of his proxy @user",positive,negative,negative,neutral
@user deadline for WI is today and hoping your people are on it and NOT this lying Putin loving scammer,neutral,negative,negative,negative
@user same (praise Kim Jong-un),positive,neutral,neutral,neutral
4. One last time - #ArianaGrandehttp,positive,neutral,neutral,neutral
Dady is slaying the game of abs.AMÈM LIAM PAYNE #MtvStarsNiallHoran #MPN #OneDirection,neutral,positive,positive,positive
Soz but u can't protest against animal testing if you eat meat & dairy. Laboratories are like a vacation compared to meat & dairy farms.,neutral,positive,negative,negative
Thousands flee Raqqa as Turkish-Kurdish tensions threaten anti-IS campaign #ISIS,neutral,negative,negative,negative
Worthy Read~,neutral,positive,positive,positive
"""who's the most wiped out white boy? Zac Efron! Zac Efron!""",neutral,negative,negative,positive
Steve Bannon Should Stay out of White House: Attorneys,negative,neutral,neutral,neutral
Catching up on TWD #amc #TheWalkingDead,positive,neutral,neutral,neutral
@user Marion Le Pen has also accepted stolen wine from Crimea and agreed to new winemaking partnership #Sanctions #CrimeaIsUkraine,negative,neutral,neutral,neutral
".@user @user Answers? What are the Qs?Problem is voter suppression, not vote chicanery.Focus on the former, not the latter.",neutral,negative,negative,negative
@user they have some bad hombres working tonight?,neutral,negative,negative,negative
"IFC signed agreement with Bank of #Palestine to scale up lending operations to smaller firms, especially women-owne…",positive,neutral,neutral,neutral
#Buzzfeed is using #BIGOTED #ReligiousTest! #ChipGaines #JoannaGaines #HGTV #Christian,negative,neutral,neutral,neutral
Westworld and our increasingly wired sense of eroticism,positive,neutral,neutral,neutral
@user Legal terminology for opposing gay marriage? Homo MatrimOHNO,negative,neutral,neutral,neutral
What would The [un] @user & Conservatives say if @user or @user did a secret deal to give $300miln to WA? #auspol,negative,neutral,neutral,neutral
Fast food companies spend $2B advertising to children each year. How's a parent to compete? #NationalFastFoodDay,negative,neutral,neutral,neutral
"Comey’s letter swung public opinion, it would not have cost her the election. Voter suppression did that.",negative,neutral,neutral,neutral
Smart roads are the companion self-driving cars need.,neutral,positive,positive,positive
"@user A fine on that level does not really make much difference, does it 😔 #fracking destroys #environment @user",neutral,negative,negative,negative
"The deplorables will have an awesome four year long hangover, think salt and hemroids, head in a sack bar of (cont)",negative,neutral,positive,neutral
"@user @user @user Great, so how far will you comply? Just squeeze a little more gun control?Ban angled foregrips, fudd?",negative,positive,neutral,neutral
"""Focusing on [alt rightists'] respectability...makes white supremacy appear normal and acceptable.""",neutral,positive,positive,negative
@user The Clinton Crime Foundation got everyone wanting to Pay to Play!,negative,neutral,neutral,neutral
FCBarcelona: Arda Turan missed Friday's training session at the Ciutat Esportiva due to a fever #FCBlive,neutral,negative,negative,negative
Spirit of my silence i can hear you. But im afraid to be near you. #ThisIsUs 😍😍😍,positive,neutral,neutral,neutral
Why does everything need a #remake? Enjoy the #classics! #BeautyandtheBeast #TheBradyBunch,neutral,positive,positive,positive
"Link in bio - Come on The Walking Dead, get it together. #TheWalkingDead",positive,negative,neutral,neutral
"$2 Mil a DAY to protect Trump et al, because Melania doesn't want to move to DC, & Trumpkins wants to ""go home""",negative,neutral,neutral,neutral
@user only Marine le Pen seems pleased! Very concerning for Europe. Hope some heads start to really work in Brussels!,neutral,positive,positive,negative
"@user Imagining a credible threat, can they force him to sit down for the briefing? ""Look son, some bad hombres wanna get you...""0",neutral,negative,negative,negative
"The thrill of seeing a wheelchair user in a movie doing boring, meaningless things that have nothing to do with euthanasia.",negative,neutral,neutral,neutral
"Let's stop parsing.Just as #AltRight = Nazi, populist = anti-immigrant white supremacist. This is simple, irrefutable historical fact.",neutral,negative,negative,negative
#Tigers #Memorabilia 2013 DETROIT TIGERS TICKET LOT OF 3 vs WHITE SOX CABRERA VERLANDER VGC L@@user! #Vintage #Sports,positive,neutral,neutral,neutral
@user @user I'm retiring from twitter,negative,neutral,neutral,neutral
Watch Tesla Model S P85D’s instant speed avoid a potential rear-end collision,positive,neutral,neutral,neutral
Trump hit by media for choosing billionaires for Cabinet - Member of transition team Anthony Scaramucci weighs ...,negative,neutral,neutral,neutral
Neymar Jr leads the #UCL for assists - seven so far. We've got plenty more stats where that came from:…,neutral,positive,positive,positive
its always valentines with this one #BabySelcaDay,neutral,positive,positive,positive
Top story: TekUniverse Slashes Prices On The DreamCreator 3D Printing Pen For T… see more,positive,neutral,neutral,neutral
"Dear NO voters, are you celebrating your victory? So are Nigel Farage and Marine Le Pen. Enjoy the lovely company. #ItalyReferendum",negative,positive,positive,positive
"So Fidel is dead, but can someone enlighten me as to what's next?? Venezuelans rejoiced when Chavez died, but Maduro's just as bad/worse.",neutral,negative,negative,negative
8 Dangerous Side Effects of Fracking That the Industry Doesn't Want You to Hear About | Alternethttp,neutral,negative,negative,negative
"@user @user wow!! How awful! I thought this was next because of transgender acceptance, not gay marriage. Great video! #pizzagate",neutral,positive,positive,negative
"""Kim Fatty the Third""",negative,neutral,neutral,neutral
@user @user @user @user @user ummm vaccines have avoided over 700000 deaths since the nineties...,positive,negative,neutral,neutral
@user @user put an embargo on FRANCE like you do other countries like Cuba,negative,neutral,neutral,neutral
first date dream: take me to an anti-trump protest,negative,neutral,neutral,neutral
Jill STEIN WHY YOU DO ME A FAVOR GO RECOUNT FIDEL CASTRO S BALLS,negative,neutral,neutral,neutral
Lauren Graham Responds To Lin-Manuel Miranda's 'Gilmore Girls' tweet - beautiful!@user @user,neutral,positive,positive,positive
Join me in supporting Foster Campbell via @user #UniteBlue #LibCrib,neutral,positive,positive,positive
"@user they are, i can't even wear them more than a day. & Revlon does animal testing. Any other brands?",negative,positive,neutral,neutral
Chinese scientists convert infectious viruses into live vaccines to tackle deadly viruses,positive,neutral,neutral,neutral
Harlem Salutes Fidel Castro -- Tribute and Farewell From Black Community,neutral,positive,positive,positive
@user @user @user you act like they are going to give us the death penalty so there is a middle ground,neutral,negative,negative,negative
for White Supremacists/Nationalists/Alt-Rightists their central hope for the future is a return to a past as it never quite was,negative,neutral,neutral,neutral
Sharon needles is doing Melania trump n the crowd is chanting CULEERAA,negative,neutral,neutral,neutral
Kim Fatty the Third 😂😂😂😂 China has excelled itself this time 👌,negative,neutral,positive,positive
The externalities when Linux Foundation joins #microsoft GNUOpponents of #swpatsVictims of Microsoft's patent extortion campaignTruth,negative,neutral,neutral,neutral
@user Mr. Arici didn't even pretend to donate to charity while paying to undermine our country with a dictator?,neutral,negative,negative,negative
"@user Herein lies the problem Conway said ""he is well aware of what US POLICY has been"" this was a deliberate act like Cuba Embargo",neutral,negative,negative,negative
"At United, there are great traditions, which you can't buy in o... #CristianoRonaldo #citations",neutral,positive,positive,positive
Facebook has banned modeling pictures of Melania Knauss Trump,negative,neutral,neutral,neutral
1D One Direction 22 inch Two Tone Teddy Bear with Varsity Jacket #1d #onedirection,positive,neutral,neutral,neutral
#UnitedNations what's the point just another talking shop.. running around shaking a stick .. as much good as a scarecrow. No notice taken,negative,neutral,positive,positive
<-A Very Sexy Lesbian Couple. A & J #nsfw #bath #bubble #onedirection,neutral,positive,positive,positive
UK government rejects MPs' criticism of #Libya intervention,neutral,negative,negative,negative
@user #hatchimals yes please!,neutral,positive,positive,positive
RE: Christian Ronaldo's new hair: It's been worse. #Mensstyle #Mensfashion,neutral,negative,negative,negative
So true. #DrainTheSwamp & start with #NeverRomney. @user,neutral,positive,positive,positive
"@user ah I have a few! Persona 5, South Park, Horizon, Detroit and RDR2! Far too many haha.",neutral,positive,positive,positive
"@user it's a joke, but maybe don't be the biggest sweetheart to kim jong un",negative,positive,neutral,neutral
@user Already have massive voter suppression.,neutral,negative,negative,negative
A French photographer has #3Dprinted a camera lens and maintained the quality of his photos - @user,positive,neutral,neutral,neutral
"""As liberals raised fears about hacked voting machines..""Months after the donald did.#AuditTheVotehttp via @user",negative,neutral,neutral,neutral
It's always odd to me when ppl / analysts say this ... it's like saying The Royals Bullpen should win Cy Young,negative,neutral,neutral,neutral
"@user Yeah, ima respect this Admin as much as they respected Obama's",negative,positive,positive,positive
How the #uber case will help local taxi firms in the UK - #uberdriver #taxi #transport #jobs #wages #bristol,positive,neutral,neutral,neutral
I think its so interesting that half of Cubans are mourning the loss of Fidel Castro while the other half are celebrating,negative,positive,positive,positive
@user You deplorables haven't been saying Merry Christmas because you thought you weren't allowed...bwahahahaha now that's funny! 😂😂😂,neutral,negative,positive,negative
Interesting that recounts are only in states where Trump won. What about #TheWalkingDead? California should be main…,negative,positive,positive,neutral
@user Democrats will always b on the defensive. Warren said she would protest changes Trump seeks 2 make 2 the agency she helped create.,negative,neutral,neutral,neutral
#WESTWORLD Dolores is MF Wyatt mutherfuckerrrrrrr I don't think I've guessed one MF thing I love shows like this,negative,positive,positive,positive
haghtag-MyFAMILYWEIR my stepgrandma facial features=FBI Director Comey(Jap decendent)=bothR Jap SPIES. W appointed Comey=DUMMY or INSIDIOUS?,negative,neutral,neutral,neutral
"Venezuela: Maduro calls for ""rebellion of Venezuelan women"": Thousands of people took the streets of Caracas on…",neutral,negative,negative,negative
I mean. He won't try to kill her and that's probably the worse thing for him. #Westworld,neutral,negative,negative,negative
Quick favor - how to politely end conversation with an over chatty #uber driver?,positive,neutral,neutral,neutral
"It is time we Georgians did not depend only on others, it is tim... #MikheilSaakashvili #quotes",positive,negative,neutral,neutral
Grayson Allen could sneeze and someone would get charged with a foul for giving him a cold,neutral,negative,negative,negative
lmao at all the libs who are worried about whats gonna happen to gun control... my dudes we are way past that level of effete value signals,neutral,negative,negative,negative
"@user NICOLAS MADURO Y CILIA FLORES AMONG OTHERS, MANAGE THE INTERNATIONAL DRUG TRAFFICKING FROM THE PRESIDENTIAL PALACE(MIRAFLORES).",negative,neutral,neutral,neutral
@user @user but also Michael Moore. Weird mix.,negative,neutral,neutral,neutral
@user lol alright alright,neutral,positive,positive,positive
"Pelosi and Warren met with George Soros last weekend. Now a recount really,Jill Stein how much did Soros pay you to ask for this recount?",negative,neutral,neutral,neutral
"@user why ""almost Latina"" Hillary did not already work this for you #epicfail Hope they release him! #FreeOscarLopezRivera",neutral,positive,negative,negative
Wikileaks: Clinton Foundation Inside Information Raises Questions About Bill Clinton | TIME,negative,neutral,neutral,neutral
Pray for Aleppo! O God please help these people! 😔,neutral,positive,positive,positive
"President-elect Trump could make big bucks from Dakota Access Pipeline, @user reports",negative,neutral,neutral,neutral
"Remember, it always comes in three's ... Florence Henderson, Fidel Castro and the next will be .......Cross your fi…",negative,neutral,neutral,neutral
"It was a law placed to overturn the Denton Fracking Ban (tx), that didn't let fracking around schools or where people live",negative,neutral,neutral,neutral
How #deeplearning is powering video #SEO:,positive,neutral,neutral,neutral
@user @user @user Bank bailouts. Same thing happened to Obama admin.,negative,neutral,neutral,neutral
#TrumpTransitionTeam pie chart to applicants: Those NOT in the #HUGE slice - need not applyMe: #foh #ftw…,negative,neutral,neutral,neutral
Michelle Obama- Girl's Education- Brilliant- Role ModelMelania Trump- Nothing- Stole speech- Married Trump <-- that's saying enough,negative,positive,positive,neutral
Ash y Shay han pasado juntas Thanksgiving <3,positive,negative,neutral,neutral
Yes I support equality for ALL and love gay marriage LAW. No you won't overturn it because you are scared of the LG…,neutral,negative,positive,positive
#KobeBryant #Cards 2011 Panini Gold Standard Kobe Bryant Rare Auto Lakers Jersey On Card #17/49… #Kobe #Card #Deals,positive,negative,neutral,neutral
I be mad Terry birthday in the same week as Christmas but dead ass be laughing when Valentines Day roll around an my birthday the next week,neutral,positive,positive,negative
"@user I'm really asking. Are any GOP leaders demanding investigations? For that matter, anyone in Obama admin pledging action? 1/",negative,neutral,neutral,neutral
"""Why do you advocate for veganism/ vegetarianism?"" Well ... for one, if the whole world went vegan we could end world hunger ...",negative,positive,neutral,neutral
Graphene 3D Lab Plans to Develop a Next Generation Lithium-ion Battery and Joins Forces with Stony Brook University,positive,neutral,neutral,neutral
@user they paid for it out of every paycheck. The wealthy's elderly give everything to their families then claim Social Security.,negative,neutral,neutral,neutral
"@user I don't cry very often , bit your anti abortion video nearly ot me going . Bless you , @user .",neutral,negative,positive,positive
Yes Mr Corbyn you're probably thinking democracy s u c k s...,negative,positive,neutral,neutral
I feel like Michelle Obama when Melania stoled her speech 😭😂😂,negative,neutral,neutral,positive
@user I heard Steve bannon's is so thin if he gets a boner it can split atoms,negative,neutral,neutral,neutral
"@user @user @user @user we were mocking the idea of gun ""control"". lol",neutral,negative,negative,negative
Is this the best George soros could come up lots of love,negative,positive,positive,positive
"Fine, I guess I'll tolerate Steve Bannon's appointment, but only if he legally changes his name to Race Baiter Ginsburg",negative,neutral,neutral,neutral
Seeing Angela Lansbury trending and fearing the worst. But it's about #BeautyAndTheBeast so we good ✌🏼️,neutral,negative,positive,positive
"@user @user Yeah, ok man. He's got more knowledge than you ever will. If he tried to get the popular vote, he would've.",negative,positive,positive,positive
Don't really want this to end but here goes... — watching Westworld,positive,neutral,neutral,neutral
Charles rails on bible thumping conservatives all the time and I find it funny because they're always taken a back that a veteran is going—,negative,neutral,positive,neutral
#AbaddonNewWarlordDomination Ukraine's President: Trump Raised 'Russian Aggression' in Phone Call,negative,neutral,neutral,neutral
@user it would have felt better had we not had a Maduro or a Diosdado Cabello so the celebration wasn't as riveting lol,negative,positive,positive,neutral
Pop is gay for Tim Duncan,negative,neutral,positive,neutral
Beware of scarcity marketing tactics for the holidays! Wanna save money? Just wait it out #teachecon #Hatchimals…,negative,positive,neutral,neutral
Internet of Tents and 3D printing workshops with @user @user and Andy Kitchen! #buzzconf,positive,negative,neutral,neutral
Ukraine pres Poroshenko confident of US support after Trump victory,neutral,positive,positive,positive
"After S6, my #GilmoreGirlsTop4 has changed:4. Richard3. Sookie2. Jackson1. Paris",positive,neutral,neutral,neutral
Donald trump_ melania might be mad after joke about michelle obama speech [video] chf usd exchange rate Trump prompted the round of ...,negative,neutral,neutral,neutral
her words:i would agree regarding recount but you'll destabilize system; electoral college is 2 represent; have se…,negative,positive,neutral,neutral
speak the truth even though if its leading to death penalty. cause nothing will set you free except THE TRUTH.,positive,neutral,neutral,negative
"Yes, including Medicare and social security saving👍",neutral,positive,positive,positive
just heard the go cubs go song 4 the 1st time & it sounds like a song that would play @ the end of a musical when the cast comes on stage,positive,neutral,neutral,neutral
"*playing guesstures*me ""when you get your nails done!""gage ""OH ITS MEDICARE!!""😂😂😭",negative,neutral,positive,positive
"@user Instead of building a wall on the Mexican border, can you build one across the @user defensive line?",negative,neutral,neutral,neutral
"#Uber Introduced a New Feature to ""Thank"" Your #Driver",neutral,positive,positive,positive
$15 Minimum Wage Would Boost Economy & Create Jobs,neutral,negative,positive,positive
if Persona 5 is already out and ready in Japan why can't we have it nowpleasemy crops are dying,neutral,positive,negative,negative
"Trudeau Elected by the same ""Obama Team"" M.O. Used Against Netanyahu ""OUR TAX MONEY""…",negative,neutral,neutral,neutral
"Mr Trump win without him, he can bring Confucius in the cabinet",negative,positive,neutral,neutral
"Emily, Paris, Kirk, and TJ.#GilmoreGirlsTop4 #SookietheInvisible5th #teamLOGAN (Yes, I know, an unpopular opinion)",positive,neutral,neutral,neutral
"You might be in luck Gav Polish Tomasz is lucky, in 11 Muslim countries its the death penalty just for being Gay. I…",negative,positive,positive,neutral
#NowPlaying Leonard Cohen - Joan Of Arc (live),positive,neutral,neutral,neutral
"@user May God grant victory 2 Syrian freedom fighters who'r resisting the most loathsome & hated Assad and Russian, Iran thugs. #Aleppo",neutral,negative,negative,positive
Sergio Busquets is better than Zinedine Zidane #fcblive,neutral,positive,positive,positive
"@user And another 1...they, the deplorables made it so easy 4 U! ""I love my uneducated"" B/C they R U!",neutral,positive,positive,negative
"""As channel btwn east & west #Ukraine has huge potential as producer & hub"" At business roundtable w @user /JL",neutral,positive,positive,positive
"LEONARD COHEN - ""Take this waltz"" from #EnriqueMorente #Omega #Morente",positive,neutral,neutral,neutral
#vegetarianism for #meatlovers V important mission - many get the #ethics but can't give up the #taste Well done!,neutral,positive,positive,positive
Large pharma are uniquely positioned to drive forward deep learning in drug discovery. They are the only ones with datasets large enough.,neutral,negative,positive,positive
"Same vomit he was spitting 3 weeks ago-it's like okay, Kim Jong Un...",negative,neutral,neutral,neutral
Remember The Pretty White Girls Who Became #ISIS Terrorists?You May Wanna Take A Look At Them Now....#OpISIS...,neutral,positive,negative,negative
Israeli army kills a Palestinian youth in the Shuafat refugee camp east Jerusalem#israel_on_fire#Palestine#Jerusalem,neutral,negative,negative,negative
Why condoms are ‘bad’ for you on Valentine’s Day,neutral,negative,negative,negative
11:11 wes cass twins mak ppbos pp philly tpp ****** ******* happiness,neutral,positive,positive,positive
Self-Driving Cars Won’t Work Until We Change Our Roads—And Attitudes ->,negative,neutral,neutral,neutral
Hashid al-Shaabi militia control 3 villages West of Mosul... #MosulOffensive,negative,neutral,neutral,neutral
GM everyone #tbt #onedirection #5sos,positive,neutral,neutral,neutral
The latest Morgaine 's Mix and Match! Thanks to @user @user @user #yemencrisis #yemen,neutral,positive,positive,positive
.@user players aim to give Rudy Gobert the experience his French childhood deprived him of: catching passeshttp,positive,neutral,neutral,neutral
@user @user Get me on the show and let me sell you a #Hatchimals @user picked up on our story,positive,neutral,neutral,neutral
"#ISIS affiliated media: ISIS launched 20 suicide attacks between Nov. 15-21 in #Mosul battles, allegedly killing 487. #MosulOffensive #Iraq",neutral,negative,negative,negative
#Outnumbered We elected @user to #DrainTheSwamp not add more snakes. @user is a backstabbing globalist snake. #NeverRomney,neutral,negative,negative,negative
"@user @user conservative logic: fossil fuels are somehow created on 7,000 year old earth",negative,neutral,neutral,neutral
I must be having deja vú cuz I coulda swore thanksgiving was yesterday? #thanksgivingleftovers,positive,neutral,neutral,neutral
Apple Watch MMF62LL/A Sport 38mm Smartwatch #NationalFastFoodDay,negative,neutral,neutral,neutral
"@user But for Comey, Clinton likely would have won; but for Clinton being too arrogant to realize how vulnerable she was, she'd have won",negative,neutral,neutral,neutral
NFL Latest Trade Rumors & Update: Trevor Siemian Unfazed With Potential Coming Of Tony Romo To Denver…,positive,neutral,neutral,neutral
Israeli forces shoot dead Palestinian near Shufat checkpoint for alleged stab attack #Palestine #Israel…,neutral,negative,negative,negative
@user update: Zac Efron kissing a puppy,positive,neutral,neutral,neutral
"The future of 3D printing? formnext 2016 showcases new tech from Nano Dimension, HP, others - #3dp",neutral,negative,positive,positive
How did I miss #NationalFastFoodDay 😭😂😩,neutral,positive,positive,positive
If y'all didn't know... #MannequinChallenge is over people. 😂😂 w/@user @user @user,neutral,negative,negative,positive
ICYMI at #MSFTConnect: Microsoft joined the #Linux Foundation!,neutral,positive,positive,positive
"We're doing a black friday sale, but we're donating 100% of the profits to support the Dakota Access Pipeline prote…",positive,neutral,neutral,neutral
"I'm coming for you, Bob Dylan. You started this.",negative,positive,positive,positive
4D printing: Complex self-folding structures created with 3D printed shape memory polymers@user an,positive,neutral,neutral,neutral
Thanks for the sickening update #aleppo,negative,positive,neutral,positive
"Fidel Castro is finally dead, I will be drinking some Cuba Libre tomorrow to celebrate... who's next? Maduro? @user @user",neutral,positive,positive,positive
Leonard Cohen passed away #TheScreamingStarted,negative,neutral,neutral,neutral
"@user @user @user Face is crooked? Please, she is stunning. You'd crawl thru 3 miles of dog poop for 10 sec of her time",negative,positive,positive,positive
#LukeEvans Flirts With #EmmaWatson in New #BeautyandtheBeast Image,positive,neutral,neutral,neutral
"@user please, please, please, i beg you, keep demonizing the white voter block until 2018. Pretty soon all dems will have is Ca and NY.",neutral,positive,negative,negative
@user waitin for its bharat bandh..leftists people wher are y'all.,negative,neutral,neutral,neutral
@user ensure good voter registration in Nyanza region and its environ as a strategy of early victory come nxt year august,neutral,positive,positive,positive
Voter registration needs to be purged Country wide. Then have everyone re-register with proof of citizenship. @user,negative,neutral,neutral,neutral
"RT @user In 2016, just nice:""DC restaurant apologizes after hosting alt-right dinner w/ ‘Sieg Heil salute’ @user",negative,positive,positive,neutral
"@user @user I'm sure they're still useful to Dems in some way, which is why we're still hearing about BLM post-election.",negative,positive,positive,neutral
We rise and fall as one...We will arrive together. - @user reads from THE UNDERGROUND RAILROAD…,neutral,negative,positive,positive
#DeMonetisation was the favourite of leftists and socialists once upon a time. Amusing to see the boot on the right side.,negative,positive,positive,positive
@user how can we be 100% certain it's #ISIS & not US forces doing it from ISIS territory?,neutral,negative,negative,negative
KIM FATTY THE THIRD,negative,neutral,neutral,neutral
You can Know (not just #Believe) there is a #God. #Atheists #RushLimbaugh #MarkLevin #UnitedNations,positive,neutral,neutral,neutral
@user Seems to me like at this point liberals are hypersuspicious of non-mainstream sources and rightists hyper-suspicious of mainstream,neutral,positive,negative,negative
"#Iraq, #Mosul | #Iraqi_Forces regains control on neighborhoods east of Mosulhttp #MosulAid #journalism",positive,neutral,neutral,neutral
"Regardless of how you feel about gun control, please watch this. Kindness has the power to save a life.",neutral,negative,positive,positive
.@user please can you stop hiding discussions on #fracking and make sure people aren't kept in the dark on an important issue?,neutral,negative,negative,negative
CCS completed a mannequin challenge today! Take a look at our unique poses #EducateTogether #MannequinChallenge #CCShttp,neutral,positive,positive,positive
"#Turkey #Yemen Oil down on strong dollar, OPEC uncertainty",negative,neutral,neutral,neutral
John Lewis Won The National Book Award #johnlewis #nbawards,neutral,positive,positive,positive
George Soros from 7:30 at the video timeline speaks of his involvement with his fellow Jewish community being...,negative,neutral,neutral,neutral
The latest one hundred people you should know! Thanks to @user @user @user #chile #isis,neutral,positive,positive,positive
1. Luke2. Jess3. Lane 4. Taylor #GilmoreGirlsTop4,positive,negative,neutral,neutral
"@user @user @user Often not enough to compete w/ full range of transfers. Disability, medicaid, sect 8, ....",neutral,negative,negative,negative
Coupon: 'Cheap Samsung Galaxy Note 7 N9300 Sale 75% OFF + 5% Discount+ Worldwide,neutral,positive,positive,positive
"@user Remember when Qatar gave $1 million to the Clinton Foundation as a ""birthday present"" for Bill? #TrumpTrain",negative,positive,neutral,neutral
This year just keeps getting more unreal every week! #whatishappening #LinuxFoundation #microsoft,neutral,positive,positive,positive
I didn't know Seth Myers had a cameo appearance on #ThisIsUs!,positive,neutral,neutral,neutral
@user U off your rocker? We are not supremacists but how can we trust someone like Romney who backed U among other things,neutral,negative,negative,negative
#Hezbollah Martyr Qasim Shamkha Martyred on 03/11/2016 in West #Aleppo telling his brothers he wants to sleep.,negative,neutral,neutral,neutral
The Daily Squib Guide to #Syria Crisis #isis #isil #Hezbollah #AlQassas #FarouqBrigades,negative,neutral,neutral,neutral
"@user #UnitedNations should really stop meddling in countries domestic issues, at best they should call for borders strenthening.",neutral,positive,negative,negative
I'd have more respect for #Homeopathy if it came in a nifty Pez dispenser @user,neutral,positive,positive,positive
Achievement unlocked: We all survived baby vaccines round 1 #parenting,neutral,positive,positive,positive
"Putin: ""Saakashvili was an insult to the Ukrainian people""",neutral,negative,negative,negative
"Chris + 15-char username is a doubt, the 'International Day of fossil fuels I got some music-related puns.",negative,positive,neutral,neutral
When do you suppose someone will tell him that China is not a party to TPP?,negative,neutral,neutral,neutral
@user sad to say I am bradim the Tipp people will love to buy me a pint😄,positive,negative,negative,negative
💋 Ashley Graham💋 American Model 💋 Literate/Descriptive💋 Designer,positive,neutral,neutral,neutral
"@user @user your ""source"" amounted to the Monarchy of Qatar, which owns the network and sponsors Terrorism by #Hamas",neutral,positive,negative,negative
.@user @user - .@user makes a video apologizing for making horrible videos,neutral,negative,negative,negative
I'm definitely too dumb for Westworld lol,neutral,negative,negative,negative
@user @user Let us give thanks to recounts and the end of the alt-right Nazi's...,negative,positive,neutral,neutral
Three years of Midnight Memories? My mind is blown and my heart hurts. #favoritealbum #onedirection #timeflies…,neutral,positive,negative,positive
"FRANCE'S FRONT NATIONAL MARINE LE PEN: ""ITALIANS HAVE DISOWNED THE EU AND RENZI.""",neutral,positive,negative,negative
"War on Poor With Trump and Ryan in control, antipoverty programs Head Start, food stamps, and Medicaid imperiled.",neutral,negative,negative,negative
"@user @user @user @user In June, I cut off Fox altogether! Dana, Juan, and Megyn all bat for the other team.",negative,neutral,neutral,neutral
"Renzi Resigns Following Crushing Referendum Defeat: Beppe Grillo, Marine le Pen, Matteo Salvina Tweets #Bitcoin #B…",neutral,positive,negative,negative
"I know, pumpkin. I know. The country needs to see the legit numbers, EVEN IF THEY DON'T HELP OUR GIRL.…",neutral,positive,positive,negative
.@user Sorry? You're countering the possible death of babies after #homeopathy with an article about how sales are increasing?,neutral,negative,negative,negative
#GilmoreGirlsTop4 4. Sookie3. Richard2. Emily1. The Dog Paul Anka,positive,neutral,neutral,neutral
"A @user fan PLEASE buy these tix from me for the game on Friday. They're great seats, and I made the mistake of thinking it was in ATL",neutral,positive,positive,positive
‘Macy’s Thanksgiving Day Parade’ Scores Highest Ratings in 13 Years,neutral,positive,positive,positive
ICYMI: Unbiased Review: Rancho Luna Maduro Robusto - a solid value #cigar!#cigarlife…,neutral,positive,positive,positive
DOPing Newz LIVE FEEDS - Watch the #Infowars Nightly News! #MAGA #Deplorables,negative,neutral,neutral,neutral
Obama will not restrict drone strike 'playbook' before Trump takes office,negative,neutral,neutral,neutral
"If you support this, history will remember you exactly as you are- Deplorables & Irredeemables. He'll get you, too.",negative,positive,neutral,positive
you did have a valentines last year tho . 😕🤔 but that's cool too,neutral,positive,positive,positive
"When you can't beat them, join them. #Microsoft joins the #Linux foundation. True!http",neutral,positive,positive,positive
Messi at Adidas event and presenting his new boots yesterday. #fcblive,neutral,positive,positive,positive
Liberals who think Castro was coolLook no further than the Cubans rejoicing in Miami They know Cuba,negative,neutral,neutral,neutral
I'm still proud for voting for Barack Obama...both times! Eat a dick if you have a issue with it. Be advised. #ThankYouObama,neutral,positive,positive,positive
You were better than my wildest dreams but I'm still not happy.. Kate to Toby. Poor Toby. 😢#ThisIsUs,neutral,positive,negative,negative
@user the horsehoe theory AND the bell curve. mmm this will put those alt-rightists to task boy howdy,negative,neutral,neutral,neutral
The Bad Hombres #TrumpInauguralBands,neutral,negative,negative,negative
we need a Fidel Castro in Kenya to gear up a revolution against a corrupt regime and have better health reforms #DoctorsStrike .,positive,negative,neutral,neutral
"@user @user speeds in an alley near Bay / queens quay, almost hits me, then driver gives me a finger #greatservice #uber",negative,neutral,positive,positive
"Time Perfect for #Geotechnical #Engineers to #Immigrate to #Australia, #Canadahttp",neutral,positive,positive,positive
I know I'm late af but is #5SOS like the new #OneDirection or something,positive,negative,neutral,negative
Cristiano Ronaldo Shortlisted For FIFA's 2016 Best Men's Player Award #cristiano #ronaldo #shortlisted #player……,neutral,positive,positive,positive
@user @user yeah they found it in the files of the PS3 version,positive,neutral,neutral,neutral
#Aleppo : Opposition have taken 25 Iranians prisoner including a high-ranking officer.,neutral,negative,negative,negative
It'll be a blue Christmas. #StillWithHer,negative,neutral,positive,positive
#InspiringLionHeart motivate Us to ✔Close the brothels legally✔Promote Vegetarianism ✔Open food banks✔donate kidney legally@user,positive,neutral,neutral,neutral
"@user FTR, again I was a democrat for 40 years. That's a long time. So I DO know dems. Alrighty good evening. Take care. Hope ur ok",neutral,positive,positive,positive
Bill Clinton built a wall on the Mexican border in the 90s. #FunFactFriday,positive,neutral,neutral,neutral
WE trust Sarah-need her in Trump cabinet->Sarah Palin Defends Breitbart Against 'the Wrath of the Whiners',neutral,negative,positive,positive
I AINT KNOW THEY DID GLEN LIKE THAT!!! #TheWalkingDead,negative,neutral,neutral,neutral
Im glad theyre changing the route for the pipelinebut can we just not have it at all? like please we dont need fossil fuels anymore,neutral,negative,positive,positive
@user so you also don't even understand what #BlackLivesMatter actually means and what they represent? Lol you're dismissed kid,neutral,positive,negative,negative
@user @user @user @user @user THAN DISGRACERomney #ReStockSwampBREAK PROMISE #DrainTheSwamp.,negative,neutral,neutral,neutral
".@user @user @user Argued w/a lot of ""swing-state"" Bernie voters who sd their protest vote wouldnt elect Trump",negative,neutral,neutral,neutral
SURPRISE TOYS #Christmas #ThomasTrainDisney Tsum Tsum Hot Wheels Toy Cars Advent...,neutral,positive,positive,positive
I hate her but... I love her songs Dammit ._.#ArianaGrande,neutral,negative,positive,positive
FCBarcelona: 📷 Great pics from other side of Celtic v FC Barcelona: #FCBlive,neutral,positive,positive,positive
I've created a quiz. #OneDirection Singles,positive,neutral,neutral,neutral
#Israeli Occupation shot dead a #Palestinian at the Shufat Checkpoint in Occupied #Jerusalem. Victim has not been …,neutral,negative,negative,negative
@user @user need a grassroots effort to move more conservatives to CA! Reclaim the beautiful state.,neutral,negative,positive,positive
Mah Stuff. #TheWalkingDead,positive,neutral,neutral,neutral
"North Korea is literally begging China to stop calling Kim Jong Un ""Kim Fatty the Third."" Politics at its finest.",neutral,negative,negative,negative
For no reason because animal testing doesn't translate to humans anyway,neutral,negative,negative,negative
#GilmoreGirlsTop4 1. Luke 2 Jess 3 Sookie 4 kirk,positive,neutral,neutral,neutral
I just don't get what's the big deal of using MAC products like I love MAC & I hate the animal testing but YALL need to chill,neutral,positive,negative,negative
Recent Findings May Lead To Smart-3D printing By 2018 Researchers Find,neutral,positive,positive,positive
"Trump has tried to illegally invest in Cuba during embargo. Now he wants to make sure he can do it, and Cuba will b…",negative,neutral,neutral,neutral
"Rock Princess ; Let's Keep This Secret 2 Ourselves ; DON'T Tell Loony Leftists That They Could've Bought , Lots Of…",negative,positive,neutral,neutral
Grayson Allen should have gone to the #NBA after last season. His stock wont ever b that high again and that's not a shot at him as a player,neutral,negative,negative,negative
Why are some vaccines optional? What can be the ill-effects if I don't get my child immunised with optional vaccine…,neutral,negative,negative,negative
I can't even imagine how difficult the decision to have an abortion is as the mother...,neutral,negative,negative,negative
Does This Ass Make My Car Look Fat? #p2 #ctl #ImStillWithHer…,neutral,negative,negative,negative
#Aleppo : Opposition killed 80 militiamen during violent battles for the village of #Al_Aziza.,neutral,positive,negative,negative
zac efron poses nude #lovely libra porn,neutral,negative,positive,positive
"@user @user We all hope you join her soon,Out of Office.",neutral,positive,positive,positive
The #Westworld need to learn much from east culture.,positive,neutral,neutral,neutral
Cy Young: The Greatest Pitcher Baseball has Ever Seen #Pitcher #Baseball,neutral,positive,positive,positive
#jerusalem is now trending in Malaysiahttp,positive,neutral,neutral,neutral
"@user @user @user @user It's only a small left fringe that does, not the actual mainstream left, unlike main rightists",negative,neutral,neutral,neutral
"Marion Maréchal-Le Pen, niece of FN president Marine Le Pen, met Poklonskaya at Russia's State Duma and was invited…",positive,negative,neutral,neutral
Five-year-olds caged to clean up streets for Pope Francis via @user,negative,neutral,neutral,neutral
@user @user @user @user That's how the Clinton Foundation works. Only 5 % goes to charity and the rest to ClintonCart,negative,neutral,neutral,neutral
@user @user Gotta love experts on Putin style.,negative,positive,positive,positive
@user surprise CFPD donated $50K to Clinton..you sanction abortion so you should enjoy watching Trump gut your precious baby.,neutral,positive,negative,negative
"@user No she said ""white people shouldn't be running it"" but same thing to dems.",neutral,negative,negative,negative
"Israeli forces violently disperse march in Kafr Qaddum, protesters suffer tear gas inhalation | Maan…",neutral,negative,negative,negative
#BREAKING Reports of attempted stabbing in #Shoafat East #Jerusalem #Palestinian shot dead#Israel,neutral,negative,negative,negative
Pics from @user on the Interview by #HollywoodLivetoday about #Homewalk and more! #ThisIsUs,positive,neutral,neutral,neutral
"Biogas from grass can supply all UK with gas, claims CEO of @user #innovation #cleantech",neutral,positive,positive,positive
@user you don't need coffee when the spirit of Kim Jong-un is there to keep you awake,negative,neutral,neutral,positive
Hey @user - worth checking this week's @user on what robots are learning from octopuses,positive,neutral,neutral,neutral
The Constitution lets the electoral college choose the winner. They should choose Clinton. #StillWithHer,positive,neutral,neutral,neutral
@user any updates on that income tax audit or was that all a lie? #BlackFriday #StillWithHer #Thanksgiving #AuditTheElection,negative,neutral,neutral,neutral
Wow...the #Haifa fire story flew under my radar....damn. Arson or Karma? #Israel #Palestine,neutral,negative,negative,negative
I will end the embargo against Cuba.,positive,neutral,neutral,neutral
Sheikh Othman #Aden police arrested a cell of 6 suspected terrorists allegedly plotting the assassination of a lawyer in Mansoura. #Yemen,neutral,negative,negative,negative
"@user Not sure, what happens then is that certain companies start to monopolize deep learning...",negative,neutral,neutral,neutral
The latest The mardibum63 Daily! Thanks to @user @user @user #ai #brexit,neutral,positive,positive,positive
"#ISIS infogrphic, week 5 of #MosulOffensive: claims killing 487 #ISF & #Peshmerga; 20 suicide attacks; 76 Humvees,…",neutral,negative,negative,negative
@user your mom cheated on your dad with bad hombres all the time. He secretly knew and kinda liked it.,negative,positive,neutral,neutral
Yep. Ben Carson is a Clarence Thomas type pick. @user @user,positive,neutral,neutral,neutral
#Laugh at Ron White Death Penalty on #comedy #funny #standup,positive,neutral,neutral,neutral
The Electoral College Is Anything But Outdated,neutral,positive,negative,negative
"He had Michael Moore camping on his doorstep like a groupie, played 'em like a pro—but does it matter now? Wait,…",negative,positive,neutral,neutral
How time changes: Microsoft joined Linux Foundation as platinum member - long gone the Halloween documents!,positive,neutral,neutral,neutral
"""We're already experimenting with more materials."" - 3D_Fuel co-founder John Schneider via cnntech",positive,neutral,neutral,neutral
@user I spent my 25k and got verlander,positive,negative,neutral,neutral
"But something something Clinton foundation something Saudi Arabia, right?",negative,neutral,neutral,neutral
#MuhammadAli Muhammad. Ali Signed Olympics Picture Boxing Halll Of Fame #Legend #Boxer,positive,neutral,neutral,neutral
😂😂WHEN I SAY WE TRIED 20 DAM TIMES!! STANDING STILL IS HARD AF😂😂 #mannequinchallenge…,positive,negative,neutral,negative
Undersecretary of Cement on the Mexican Border..BUILD THE WALL.,negative,neutral,neutral,neutral
"When Leonard Cohen and Fidel Castro both kick the bucket to avoid dealing with a Trump Presidency, choppy waters ahead...",negative,neutral,neutral,neutral
@user @user control? Rape/incest = <3%. You think the death penalty for a murderer is equivalent to the slaughter of,neutral,negative,negative,negative
Take To The Streets! Protest The Trump Inauguration January 2017 via @user,negative,neutral,neutral,neutral
Christmas Charity Benefit 🌲 #MannequinChallenge @ Lukas Nursery & Butterfly Encounter,positive,neutral,neutral,neutral
@user IT'S ACTUALLY PERSONA 5 OFFICIAL ART!I plan to get it scanned real soon bc I'm putting it in my room,neutral,positive,positive,positive
Lover Lover Lover by Leonard Cohen is totally about being a trans girl like come on it's not even subtle,negative,neutral,neutral,positive
ICYMI: Winners were announced this week for the National Book Awards! What are you reading this weekend? #NBAwards,neutral,positive,positive,positive
White supremacists already on CNN but otherwise excellent point.,neutral,positive,positive,negative
Cat in the Hat Valentines Fabric -- Last Piece -- 40-70% off Listings throughout our by altcollect #offer,positive,neutral,neutral,neutral
Don't blame me. I voted for Hillary! #StillWithHer,neutral,negative,positive,positive
@user @user @user @user @user yes I know but Comey should be pressured for further explanation about letter .,negative,neutral,neutral,neutral
"If you kill an unarmed Black/Brown person, you should get the death penalty. No questions asked.",neutral,negative,negative,negative
@user UM YOU ARE TALKING AB YOURSELF IM MELANIA TRUMP BEXT TO YOU,negative,neutral,neutral,neutral
"@user We dont hav Obamacare but this piece was 👌🏼. I wish DT cud keep ins 4 all, but ⬆️competition so we're not the ones paying for it!",negative,neutral,neutral,neutral
"@user I dont know which riots will be bigger, anti- trump ones black friday ones.",neutral,negative,negative,negative
#YemenChildren suffer from the US-Saudi aggression against #Yemen #happythanksgiving #JohnKerry,neutral,negative,negative,negative
Interesting study of young Russia's complex relationship with #Putin from Julia Ioffe,neutral,positive,positive,positive
We Are The Bad Hombres!,neutral,negative,negative,negative
@user #Hatchimals # Hatch these are like gold dust now 💚💚,positive,neutral,neutral,neutral
Great now we're entering #ThisIsUs territory...dad dies so mom gets with dad's best friend #GilmoreGirlsRevival,neutral,positive,positive,positive
I wish I had thanksgiving dinner leftovers to eat but I ate all yesterday,negative,positive,neutral,neutral
More #newarrivals #pentatonix #christmasalbum #arianagrande #frankzappa #leonardcohen with Hallelujah #bobdylan...,positive,neutral,neutral,neutral
Forget it Porks. Obama has turned like the tide and is now praising Russia as a world power @user @user,negative,positive,neutral,neutral
This is what democracy should look like.LIKE AND SHARE,positive,neutral,neutral,neutral
The fourth African-Arab summit in #Equatorial_Guinea emphasizes on its support of the proposed Government in #Libya…,neutral,positive,positive,positive
"I mean, what harm have Austrian rightists ever caused before?",neutral,negative,negative,negative
For some reason I've been staying up late watching David Blaine videos on Netflix. What?,positive,neutral,neutral,neutral
#DidYouKnow diabetes can affect the kidneys resulting in #kidney failure.http #Health…,neutral,negative,negative,negative
"""the unstoppable force of non-technical certitude about deeply technical subjects"" dystopia of self-driving cars",neutral,negative,positive,negative
so my research paper is on minimum wage. there is literally so much I could write abt this subject but that's what's making it so hard 😭,neutral,positive,negative,negative
"tens of thousands are trying to escape a ""slow-motion descent into hell""Aleppo siege: 'We are crying and afraid' -",neutral,negative,negative,negative
"Luis Enrique: ""In the first half I can't remember Celtic having a clear chance and Messi as usual was at a really high level."" #fcblive",neutral,positive,positive,positive
21/May/15 False Flag Weekly News #false #flag #osama #bin #laden #boston #bombing #iraq #libya,neutral,negative,negative,negative
Can the Democratic Party rise again? Yes - and here's the first big thing to watch. #gay #vegan #vote #uniteblue,neutral,positive,positive,positive
"It will be as exciting as the 1930s, greater than the Reagan revolution... Steve Bannon, with a Fabergé glint in…",neutral,positive,positive,positive
"@user @user @user @user @user @user You're forget 1 thing, the 2mjrPty's are 1 team!",neutral,positive,positive,positive
Ukraine junta considers extraditing Saakashvili back to Georgia (but they don't seem to want him):,negative,neutral,neutral,neutral
for the next video im gonna need some help from you guys.so...please tweet me some questions regarding animal rights and vegetarianism!,positive,neutral,neutral,neutral
This pic is everything 😷😷#AuditTheVote #NotMyPresident #TrumpTransitionTeam #mittromney,negative,neutral,neutral,positive
Ariana Grande White House Easter Egg Roll in Washington #ArianaGrande,positive,neutral,neutral,neutral
TIL: a trip to the impound lot makes a good argument for self-driving cars.,neutral,positive,positive,positive
"@user Obama Admin: Feds hope to drill Arctic Ocean, despite climate change, oil spill risks",negative,neutral,neutral,neutral
The #NBAwards Fiction panel is about to begin. #MiamiBookFair2016,positive,neutral,neutral,neutral
@user nah the social security dept. had my info mixed up my fault,neutral,negative,negative,negative
@user bush admin approved the bailout before Obama took office. Then again you hate Trump so you prob hate facts 🇺🇸🐸#swamp,neutral,negative,negative,negative
I'm Dying😂😂😂 #TheWalkingDead,positive,negative,neutral,negative
"@user @user @user calls the alt rightists ""dangerously bright"" incl spencer",neutral,negative,positive,negative
"Luis Enrique: Neymar booed? ""It was just the last five to 10 minutes there was an issue with regards to the crowd shouting."" #fcblive",neutral,negative,negative,negative
Evaluating the BBWAA Cy Young voting through the years #fantasybaseball,positive,neutral,neutral,neutral
"I can and will fight for #BlackLivesMatter . However, I am white. I never will be turned down for a job because of my skin tone.4/?",positive,neutral,neutral,neutral
Usher is putting in WORK. You can see him dripping. #ThankYouObama,neutral,negative,positive,positive
"Image of a man cries his wife, who died along with her three children in suspected #Russian shelling on Al Ferdous…",neutral,negative,negative,negative
Overview of MXNet the Deep Learning framework that Amazon has announced support for this week…,neutral,positive,positive,positive
By missing #NationalFastFoodDay yesterday I celebrated eating @user twice today #goals #noshame,neutral,positive,positive,positive
#Beauty #ArianaGrande-CHRISTMAS & CHILL-JAPAN ONLY #CD BONUS TRACK C94 #Deals #TopSeller,positive,neutral,neutral,neutral
"Ivanka Will Move Into WhiteHouse To Fill Melania’s Vacancy. ""She just rolls up her sleeves or drops to her knees...""",negative,neutral,neutral,neutral
Keep what you stole. Is this Poroshenko's unofficial policy?,negative,neutral,neutral,neutral
Bioethicist Dr. Margaret Somerville makes a blunt #prolife prediction about state-sanctioned #euthanasia. And she's…,negative,neutral,neutral,neutral
@user Do you think the Almighty let Leonard Cohen and Florence Henderson make the third pick?,negative,neutral,neutral,neutral
Some transition thoughts: Trump's NASA looks good for human space exploration and terrible for Earth science @user,positive,neutral,neutral,neutral
"melania gave an amazing speech at the rnc, too bad it wasn't hers! #michelleobamaftw (Vine by @user",neutral,negative,positive,positive
@user @user DAY-O! DA-DA-DAY-EEE-OOO! Liberals are Commies & Like Fidel-They Need To Go-o!!!,negative,positive,neutral,neutral
@user @user That's the Galaxy Note 7. We don't speak of it.,negative,positive,positive,positive
[Tom Tango] Cy Young voting point system is 7-4-3-2-1: can we do better?,negative,neutral,positive,neutral
CONGRATULATIONS SINGLE PARENTS! #Trump says MORE TAXES for YOU! #MAGA! #MakeAmericaGreatAgain #WorkingParents…,neutral,positive,positive,positive
"The 3 #NBAwards winner are all POC, but according to @user authors are only white men - w/a white woman thrown in for diversity.",negative,neutral,neutral,neutral
"Best censured name yet for a national leader. Kim Fatty the Third, or just Kim Fat Fat Fat",negative,neutral,positive,positive
I did not say FBI Comey is a traitor working for Russia. This was said by another. I do not believe this.,neutral,negative,negative,negative
@user @user but the conservatives and labour will keep it strong 😂😂😂😟 ?? they haven't done much of a job In my life time,negative,neutral,neutral,neutral
@user @user perfect365 app does live makeup pics ☺ shiseido still animal testing 😐,negative,positive,neutral,neutral
Interesting article on vaccines and how they can trigger autoimmune diseases,neutral,positive,positive,positive
"Tell it, Sistah! #ElizabethWarren #TrumpTransitionTeam #DrainTheSwamp",positive,negative,neutral,neutral
The latest The Croatia Travel Daily! Thanks to @user @user @user #travel #travelboldly,neutral,positive,positive,positive
Children wounded in the #MosulOffensive receive life-saving treatment in Kurdistan Region’s Erbil city.,positive,neutral,neutral,neutral
"@user good, keep them away from the deplorables. Thank you President Obama for 8 years of peace. #trumplandia #dumptrump",neutral,positive,positive,positive
#ScreamQueens Cassidy & Ingrid team up. | ... via @user @user,positive,neutral,neutral,neutral
Fractures Set Better and Healed Faster with Homeopathy - Homeopathy Plus,neutral,positive,positive,positive
"@user Screw Romney, try this guy for Sec. Of State @user #TrumpTransitionTeam",neutral,negative,negative,negative
@user Good Luck!#Democracy is an illusion!#Iraq#Palestine#Hamas#Egypt#MuslimBrotherhood#Trump#Pensionand so on...,negative,positive,positive,neutral
Need a man who looks at me like this guy looks at Kim Jong-un 😩😍,positive,negative,neutral,neutral
funny writerhttp,neutral,positive,positive,positive
Trump has stock in DAPLWho's surprised?http,negative,neutral,neutral,neutral
"A tribute by Pakistani labour activists to the significance of the Cuban Revolution, and Fidel Castro.",positive,neutral,neutral,neutral
An anti-immigration adviser to Trump says he may start construction of a wall on the Mexican border without a congressional approval.,negative,neutral,neutral,neutral
"OmTime magazine named Mahatma Gandhi Person of the year in 1930,Pope Francis in 2013,.A Person who has done good o…",neutral,positive,positive,positive
"In China, #Obama and Kim Jong Un Are Actors and Best Friendshttp",negative,positive,positive,positive
"What more can I give? Michael Jackson, Celine Dion, Julio Iglesias, Ricky Martin, Mariah Carey, Shakira......",neutral,positive,positive,positive
"Now you will have company Che Guevara, Chavez & others...We wish the same for Maduro & North korea leader to end th…",negative,neutral,neutral,neutral
"SERCO Smuggle Drugs/Weapons/Children?Connects w/Julian, HRC, Obama, COMEY #PizzaGate #wheresjulian #Proofoflife…",negative,neutral,neutral,neutral
"Marine Le Pen, Fr. National Front, welcomed Italian referendum result, congratulating “our friend” Salvini who shares her Eurosceptic stance",neutral,positive,positive,positive
The Chicago Alliance Against Racism is protesting. #Deplorables,neutral,negative,negative,negative
#Spurs #GoSpursGo 1997-98 #Topps ROOKIE of TIM DUNCAN #115 San Antonio Spurs RC HOF #TimDuncan #NBA,positive,neutral,neutral,neutral
#Uber should try to solve their glitches with #BRTA restrictions and try ASAP for Uber availability in #Dhaka.,negative,neutral,neutral,neutral
@user Electric Vehicles must be promoted to Curb pollution in the country & support for fossil fuels vehicles must be stopped..,negative,neutral,neutral,neutral
How Netanyahu Divides and Occupies America via @user #gaza #palestine #israel #BDS,negative,neutral,neutral,neutral
@user @user Can I be Chanel #11 instead?😭💓#ScreamQueens,neutral,negative,positive,positive
@user glad I read to the end to see Grayson Allen shit on,negative,positive,positive,neutral
Grateful for these bad hombres,neutral,positive,positive,negative
"Countdown to ""The Last Waltz"" anniversary, top performance No. 2: I Shall be Released, featuring Bob Dylan.",neutral,positive,positive,positive
"When the pilot says ""if you have a Samsung galaxy note 7, get off the plane"" #lol #flying #samsung #faa #tsa #dot",negative,neutral,positive,neutral
Outed As Russian Spieshttp,negative,neutral,neutral,neutral
Unreal.. Everyone who tries Google Earth VR wants to go to their house first... You can see whole rest of the world! @user,neutral,positive,positive,positive
"In their ruthless flight from liberalism, Tories have left morality behind | Zoe Williams",neutral,negative,negative,negative
"GRASSROOTS FUROR OVER#ROMNEY ""ACKNOWLEDGED.""DAMN RIGHT! GO PATRAEUS:http",positive,negative,neutral,negative
"2014 (Edzard Ernst) Edzard Ernst, hero of ""West Wing"", derided by Conservatives, has a duty to try to protect their habitat. In effect, they",positive,neutral,neutral,neutral
#RejectedDecorations - Chestnuts roasting over a Galaxy Note 7@user @user,negative,positive,neutral,neutral
"Classic 3rd world dictator move, surround yourself with unquailfied loyalist that will be yes men to an...",negative,positive,positive,neutral
@user allows #National Council to fine channels for calls for #revolution,negative,neutral,neutral,neutral
@user I understand some GP's also practise Homeopathy are they QUACKS?,negative,neutral,neutral,neutral
@user @user the deplorables hate CNN.,neutral,negative,negative,negative
I'm sending the folks who gave a Nobel prize for literature to Bob Dylan a cassette copy of The Great Adventures of Slick Rick.,neutral,positive,positive,positive
@user If all alt-rightists looked this good Trump would have won the popular vote,negative,positive,positive,neutral
@user I have problems w/my muscles wen I take antidepressants n would like to be able to use medical marijuana for it.,neutral,negative,negative,negative
The latest MainelyOnline! Thanks to @user @user @user #p2 #uniteblue,neutral,positive,positive,positive
"This holiday season's hot toy are #Hatchimals, but they'll be tough to find on #BlackFriday.",neutral,positive,positive,positive
".@user — yes, Microsoft — joins the #Linux Foundation. #TechNews",neutral,positive,positive,positive
"Couldn't disagree more! Democrat dream team - #Pelosi, #Schumer, #Ellison. Oh please, oh please, oh please.http",neutral,negative,positive,positive
@user @user @user Stop #WhiteGenocide Now!,neutral,negative,negative,negative
4 Stages of Acceptance:1. Election Denial2. Protest3. Recount4. All aboard Trump Train #UsefulNewVerbs,negative,neutral,neutral,neutral
@user your like a fish ( flip flip) now your starting to smell #draintheswamp,negative,neutral,neutral,neutral
"@user @user wonder how many whites (all supremacists, of course) work at NY Times?",negative,neutral,neutral,neutral
@user Ben Ferguson is BSing you. I don't think he even knows abt Rightists in Europe and Putin paying them to destabilize their nations!,neutral,negative,negative,negative
"Castro now joins Bowie, Prince, Leonard Cohen and the mum from the Brady Bunch in the communist afterlife ✊",positive,neutral,neutral,neutral
"but also human/robotsRobots just make everything cuter, oh gosh",neutral,positive,positive,positive
"iRobot did get the self driving cars thing right, though. 😨",neutral,positive,positive,positive
!!! THIS IS The SIDE Of his FACE @user SHOWS To his #DEPLORABLES - 'NOW' !!! /// FLIP-FLOP !!!,negative,neutral,neutral,neutral
You have to watch Michael Moore in Trumpland 2016. I caught it on SHO2.,positive,neutral,neutral,neutral
The world we live...😢 #palestine #arabs #muslims #turkey #saudiarabia #bbc #cnn #aljazeera…,negative,neutral,neutral,neutral
Nostradamus WARNED: Pope Francis Will Abdicate the Papacy via @user,negative,neutral,neutral,neutral
Minimum wage law still not cutting it for garment workers: @user report | #Myanmar,neutral,negative,negative,negative
"FYI @user @user @user ""DrainTheSwampAlert""! #NeverRomney sums it up for me.…",negative,positive,positive,neutral
"Lord, I know she ain't perfectAnd I know she off the chainBut every time she disappearI'm stuck here like David BlaineHide her tears whe",neutral,negative,negative,negative
.@user @user Did you speak out against pay for play Clinton Foundation scandals? I'm guessing Cruz did bc it actually happened,negative,neutral,neutral,neutral
when the test sample is so cute & fluffy but you have to do cervical dissociation on it... :((#euthanasia,neutral,positive,negative,negative
Run #MELANIATRUMP run! Save yourself,negative,neutral,positive,positive
@user @user Or why other civilised nations have incredibly tight gun control laws?,neutral,negative,negative,negative
@user @user @user The #Kremlintrolls are now reduced to pimping moldy old lies now that JIT nailed RU. #MH17,neutral,negative,negative,negative
Meet the stars of our #MannequinChallenge! It is online now on our FB-page! Let's #orangetheworld and put an end to…,neutral,positive,positive,positive
@user @user Excuse me! Rajni gave India robots ok! 😆😂,neutral,negative,positive,positive
"#TrumpTransitionTeam issues #Statement...Clearly, they never Met #Trump.",neutral,negative,negative,negative
"@user $15 min wage? ""Well actually..."" Tuition-free college? ""Well only for..."" TPP ""Well we have to consider..."" S T O P",negative,positive,neutral,neutral
cc @user Just a note about one troll.,negative,positive,neutral,neutral
interesting how the US will now see Latin America. The ice cream is really good and so is the health system. Get Cuba to run Obamacare.,neutral,positive,positive,positive
Watch Drake and Dave Chappelle Lose It Over a David Blaine Trick,positive,neutral,neutral,neutral
I really can fucking not with ep. 4 #ScreamQueens 😂😂😂😥 this is nuts!!,neutral,negative,negative,negative
@user Wish we can see Persona 5 under the Christmas tree....rip,neutral,positive,positive,positive
Hubby the spoiler. Valentines?,positive,neutral,neutral,neutral
Nasty women and bad hombres celebrating our diversity and committing to action for an empathic and kind community.,positive,negative,neutral,negative
Conservatives Get The Last Laugh At Liberal Jokesters In Denial That These Are Their Best Days & ThingsAre Only G…,negative,neutral,neutral,neutral
USA election rigged against HRCRussian hacking&interferenceVoter suppression Corrupt FBIWikiLeaks lies Gerryma…,neutral,negative,negative,negative
#Rohingya God please save Rohingya #killing in #Myanmar #unitednations,neutral,positive,negative,negative
The talent pool is slim for #Filmmaking in #Hollywood. Too many re-makes #BeautyAndTheBeast and #MaryPoppins,negative,positive,neutral,neutral
"@user I am taking notice,of all Democratic Party elected officials, who r not fighting 4 USA as @user 2 replace 4 fighters",negative,neutral,neutral,neutral
@user If evolution is bullshit then how do we develop vaccines????,neutral,negative,negative,negative
Big Fun's jersey is going up to the rafters,neutral,positive,positive,positive
"@user @user Dec 19th, throw all the bums out. It was rigged. Voter suppression, ballot box tampering & foreign interference & more💙",neutral,negative,negative,negative
So #media nonstop about #Taiwan protocol but nonissue with #cuba embargo lift #ransom #iransanctions lift? @user fascinating!!!,negative,neutral,neutral,neutral
@user @user @user @user Obama expanded Veterans Centers in rural areas & fully funded the Veterans Admin,neutral,positive,positive,positive
Trump’s Wild Ride With the Press as Transition Turmoil Continues,positive,neutral,neutral,neutral
Arroyo: OK with Duterte if I oppose death penalty reimposition | News | GMA News Online via @user,negative,neutral,neutral,neutral
Well sorry Obama and Dems-there's a new Sheriff in town and he won't allow that stupid crap! #TrumpsTheMan,neutral,negative,negative,negative
this picture drawn by muhammad ali is KILLING ME,positive,negative,negative,negative
"Games help #driverless cars ""learn"":",neutral,positive,positive,positive
"YOUNG MAN SEEKS EUTHANASIA FOR MENTAL ILLNESS PAIN. WILL CBD HELP? November 28, 2016, Adam Maier-Clayton posts...",negative,neutral,neutral,neutral
"Medicare, people. Don't mess with the olds. Mobilize them.",positive,negative,neutral,negative
Donald Trump may not be able to get White House security clearance for Steve Bannon via @user,negative,neutral,neutral,neutral
''You didn't really think you were going to get through this without getting punished now did you?'' - Negan…,neutral,negative,negative,negative
Perhaps I'd be going over the line by insinuating a connection between Melania Trump and Vladimir Putin. Cuz I can'…,negative,neutral,neutral,neutral
#stop killing #civilians in #Syria #Russia #unitednations,neutral,negative,negative,negative
@user Her best segment was the bit on immigration near the end. I thought she did fairly poorly throughout the first 24 minutes.,negative,positive,neutral,neutral
"This is what Trump's border wall could cost USA roughly 2,000-mile fence on the Mexican border would cost 100's of billions, with foreign?",negative,neutral,neutral,neutral
@user only if fatty Kim the third finds Twitter,negative,neutral,neutral,neutral
"@user write in: Cy Young and 20 strikeout, 20 game winner: Max Scherzer",positive,neutral,neutral,neutral
"Details of the ""LORD of VERMILION Re:3 x Persona 5"" collab. ""Phantom Campaign"" will be announced on a Nov. 30 live…",positive,neutral,neutral,neutral
"@user don't need to be informed to vote. i will benefit financially. i don't need healthcare, ss or medicare. hope you don't.",negative,neutral,positive,positive
When Beppe Grillo and Marine Le Pen are happy,neutral,positive,positive,positive
@user libby #StillWithHer Hi Congrats your picked Go to our site in description,neutral,positive,positive,positive
4 great Black Friday deals on slightly used NFL quarterbacks,neutral,negative,positive,positive
@user ye ursa went and got married to her former lover before ozai went *melania trump voice* hello,negative,neutral,neutral,neutral
@user I keep just missing out on one these every time @user posts a link 😞#win #Hatchimals,neutral,negative,positive,negative
"How the Electoral College always has protected white power, from slave states to whose vote counts #ElectoralCollege",negative,neutral,neutral,neutral
I bought a guy a Valentines Day gift once and that was really traumatic for me so I try my best to be single on gift giving holidays.,neutral,positive,negative,negative
#Spurs #GoSpursGo 1997 SP Authentic #128 Tim Duncan RC Rookie BGS 9.5 #TimDuncan #NBA,positive,neutral,neutral,neutral
"Message @user maybE a snakey little strut, biblically with stick but can b trusted",positive,neutral,neutral,neutral
"Politically Tone Deaf Pelosi Accepts No Responsibility For Democrats Failure, Fails To See She Is The Problem",neutral,negative,negative,negative
This is a fabulous admission of error#NBAwards .@user,neutral,positive,positive,positive
@user I bought 2 Note 7s; which obviously I had to return; now using LG V20 over my Galaxy 7 plus; when is next Note version?,negative,neutral,positive,positive
Apparently #hot #Christmas gifts are #Pokemon #StarWar & #Hatchimals. Star Wars YES! What the heck is a...,neutral,positive,positive,positive
#NASA #DeepLearning Program Aims to Ward Off #Asteroid Attack via @user #AI #Space,positive,neutral,neutral,neutral
AQ operative & BRSC leader Mohamed Aldresi (Al-Nus) calls on Jihadist from 10 states to join fight against Libyan a…,negative,neutral,neutral,neutral
'A shared language is fundamental to integrated societies' Could not agree more + look forward to funding details,neutral,positive,positive,positive
"@user Do u honestly think Romo is better than Dak as a all around qb? Look at the record, turnovers ratio, n where tony is seated",negative,positive,neutral,neutral
"@user @user Call Dir. Comey also! Ya know, that FBI guy? I hear he can check for dead voters. @user @user",negative,neutral,neutral,neutral
"And so they call him Kim Fatty the Fourth 金四胖 now ,",negative,neutral,neutral,neutral
GEORGE SOROS DID FOR HILLARY WILL MAKE YOU SICKWATCH VIDEO!!,negative,neutral,neutral,positive
"Yes @user - ignore $millions that #RudyGiuliani took from #Qatar, the main sponsor of #Hamas -…",positive,negative,neutral,negative
Spain probe Cristiano Ronaldo after tax evasion reports,negative,neutral,neutral,neutral
"Justin Verlander and Miguel Cabrera are the big names, but trading Ian Kinsler could hurt the #Tigers the most.…",negative,positive,neutral,neutral
Retweeted Oldman (@user):@user @user @user @user @user @user ripping off the dems again,negative,positive,neutral,neutral
@user what gets me is they are critical of Fidel..but are ok with the effect the U.S. embargo on Cuba has has on the Cuban ppl,negative,neutral,neutral,neutral
"@user @user The convention was started to help take back control from obama admin and big gov , GOP will try to take power from trump",negative,neutral,neutral,neutral
"if u haven't been watching WestWorld, u need to!",positive,neutral,neutral,neutral
. @user how are houses going to get built in an only service economy? Prefab 3D printing or discarded shipping containers,negative,neutral,neutral,neutral
#BREAKING: #Israel forces kill suspected Palestinian attacker in #Jerusalem according to police. #Palestine,neutral,negative,negative,negative
"@user @user @user @user @user you voted for a nazi, genius",negative,positive,neutral,neutral
"Obama refuses to condemn anti-Trump riots, violence against Trump supporters",neutral,negative,negative,negative
@user Exactly so when do you and the GOP investigate every single aspect of George Soros? I am waiting for an answer!,negative,neutral,neutral,neutral
'Compromised functionality and dismal reliability': @user pulls the plug on #Tesla's Model X…,neutral,negative,negative,negative
"@user But Katie, Stein was so close to winning! A recount & I think she wins. 😊 Obviously, Dems got to her$$ like they got to Bernie.",neutral,positive,positive,positive
"""May you have a strong foundation when the winds of changes shift."" - Bob Dylan, ""Forever Young""",neutral,positive,positive,positive
#ISIS Social Media Expert who urged US Muslims to behead @user killed by drone.,neutral,negative,negative,negative
Having #carers on zero-hours contracts is not going to help the #caresector #healthcare #socialcare,neutral,negative,negative,negative
tony romo would have made that throw,positive,neutral,neutral,neutral
Yes Drag Melania Trump is here !!!,negative,neutral,positive,positive
Why do I feel like #ISIS IS going to hit as soon as #Trump is sworn in? GET THE #SecurityBriefing #MAGA #draintheswamp F U W Romney,neutral,positive,negative,negative
"@user @user If Jeb had won, he would still be looking at Cabinet. Trump has already selected abt 10 just in 3rd week. Outworks Jeb",negative,neutral,neutral,neutral
"I'm sorry, Jill, but this sounds like noise. #ThankYouObama",negative,neutral,neutral,neutral
@user I LOLed at that one right away.Geographically challenged tweeps.,negative,positive,positive,positive
The World Reacts to Fidel Castro's Death like there were a lot of very sad people there.,neutral,negative,negative,negative
errr.. ricky martin? (with Feby) [pic] —,positive,neutral,neutral,neutral
Listening to Melania practice the speech Michelle Obama wrote for her #KeepsTrumpUpAtNight#2GirlsandaTag@user,negative,neutral,neutral,neutral
"@user @user Also, their campaign team literally admitted to active voter suppression.",neutral,positive,negative,negative
I hope Donald trump builds a wall and says EA MADDEN EMOLOYEES ARE BAD HOMBRES @user,positive,neutral,negative,negative
The latest BETT'S WORLD! Via @user @user #yemencrisis #yemen,positive,neutral,neutral,neutral
@user I'm praying to the RPG gods that XV is good. But persona 5 is the only one I'd put money down on,neutral,positive,positive,positive
Thinking about doing a live feed of Google Earth VR this weekend. Talk about my travels a bit and awesome places to go. Thoughts?,neutral,positive,positive,positive
🎶 Browse this site for more information on Dallas 3D Printing. This...,positive,neutral,neutral,neutral
"""F"" for #usa @user FAKE FED... @user FALSE FLAG = 9/11 lNSlDE J0BFRACKING an ""FRIENDLY FIRE""#JESUS #ENDofDAYS",neutral,negative,negative,negative
"@user Damn straight he is right. But it has to be the ""Pay for Play"" Clinton Crime Foundation. Comey compromised email investig.",neutral,negative,negative,negative
ALL NATIONS UNITE.... HUMAN BEINGS STANDING UP TOGETHER WILL FORCE THE CHANGE FROM FOSSIL FUELS TO CLEAN ENERGY...,negative,positive,positive,positive
"Um...you understand the terminally ill have to consent to euthanasia, right?",negative,neutral,neutral,neutral
Barbara Boxer's Abortion Illogic 1/2 via @user -When a U.S. senator cant tell when a baby is born it's a bad day.,neutral,negative,negative,negative
Messmoorize (from Michael Moore): to panic and lose critical thinking while gaining weight. #UsefulNewVerbs,negative,neutral,neutral,neutral
#University of #California will refuse to assist federal #immigration agents seeking #students without legal status,neutral,negative,negative,negative
"#ISIS claims Iraq car-bombing, at least 73 killed.",neutral,negative,negative,negative
TY @user The latest The painters Daily! Thanks to @user #trumps #deplorables,neutral,positive,positive,positive
@user IMO U r wrong to say Dems dont listen to both sides of issues of parties. They do & just tend 2disagree w more of gop policy,neutral,negative,negative,negative
East Aleppo #FakeNewsMedia Bana Alabed Twitter acct deleted. Her 'mum' tweets/has access to internet 'while being…,neutral,negative,negative,negative
Community-Organizer-in-ChiefDivider-in-Chief#ThankYouObama 55 days16 hours27 minutes…,neutral,positive,positive,positive
"Very interesting (as received)Interesting...Silent and ""Listen"" are spelled with the same letters.Steve Jobs...",neutral,positive,positive,positive
"CAN'T EAT CAN'T SHLEEP MANE I MISS THESE STREETSMUHAMMAD ALI, AND THE SHKREETS MISS ME",neutral,positive,negative,negative
@user my deep learning algorithm isn't though - training can take time.,negative,neutral,neutral,neutral
"If the regular brands won't sell clothes for sizes 10+, cool new brands will - check these out!http",neutral,positive,positive,positive
#BREAKING :Israeli soldiers shot a Palestinian young man near Shuafat camp military checkpoint moments ago.…,neutral,negative,negative,negative
Create articles for #blog #seo #marketing | #NationalFastFoodDay 6 #SEO Analysis Tools…,positive,neutral,neutral,neutral
@user @user ask Ben Carson's campaign pushers :/ #scavengers #prey,negative,neutral,neutral,neutral
📉@user Said to Be Seeking Funds at 40% Lower Value - #india #uber #ola,negative,neutral,neutral,neutral
I Stand With #Syria #Aleppo #Palestine #Kashmir #Burma #Iraq #Afg Do You ??? Share !!!,positive,neutral,neutral,neutral
"#Belarus #humanrights community, including @user , strongly urges authorities to abolish the death penalty…",negative,neutral,neutral,neutral
"After seeing me ugly cry over Leonard Cohen, my husband is genuinely concerned about Werner Herzog's health",positive,negative,neutral,neutral
Dems will be flocking to Cuba to pay their respects. Obama will be the first,neutral,positive,positive,positive
"@user yes, but wouldn't gun control work better?",positive,negative,neutral,neutral
Only nasty women and bad hombres would share this very unflattering picture of our Furhur. Be one of those.,neutral,negative,negative,negative
"Hope you are feeling better @user Since you are running a clinical trial, try the oreganol/oil of oregano!…",neutral,negative,positive,positive
"If Trump is a good man he will leave Medicare, healthcare &amp; SS alone. He will address capitalism and student lo…",negative,positive,neutral,positive
"Working towards accreditation, albeit on half the minimum wage is much better than sitting on your arse bludging of…",neutral,positive,negative,negative
Obama Downplays Trump Trade Agenda O can stick TPP & his 0 legacy #tcot #pjneet #maga #lnyhbt #wakeupamerica #tgdn,negative,neutral,neutral,neutral
Greece: Adult vaccination in an age of austerity,negative,neutral,neutral,neutral
"CPU vs GPU for deep learning. This article has a defensive tone to it, but interesting.",neutral,positive,positive,positive
"HistoryToLearn: Muhammad Ali hugs Pelé at his goodbye match. He said: ""My friend. My friend. Now there are two of …",positive,neutral,neutral,neutral
"Cristiano Ronaldo. Man takes no Ls. Biggest rustler in world football, proves haters wrong every game.",neutral,negative,negative,positive
@user I'm just going out to buy some fuses! I couldn't believe it. Ford is in on this! #Westworld,negative,neutral,positive,positive
The Flint water is also an issue.,neutral,positive,negative,negative
@user #GilmoreGirlsTop4 Top 4 + invisible 51. Jess 😍2. Paris😂3. Luke💜4. Sookie🎈5. Taylor 😅,positive,neutral,neutral,neutral
Fidel Castro's Legacy and the Hypocrisy of His Detractors #Castro,neutral,negative,negative,negative
.@user his research is the gold standard. Whenbi say this looks like a drug deposit based on it. Is no small thing. Iris location 2/3,negative,neutral,neutral,neutral
169 Members of Congress Issue DEMAND That Trump IMMEDIATELY Dismiss Steve Bannon (DETAILS) via @user Report,negative,neutral,neutral,neutral
@user will provide federal funds to have an agency like Blackwater be contracted to hire public school teachrs,positive,neutral,neutral,neutral
"Bannon(http ""It's the greatest opportunity to rebuild everything..as exciting as the 1930s."" O…",neutral,positive,positive,positive
Because Water is our Human Right! Step off our land!,negative,neutral,neutral,positive
#Valentines #Gifts NEW Ted 2 in Jersey 24-Inch R-Rated Talking Plush #TeddyBear SALE,positive,neutral,neutral,neutral
Arabs Celebrate as Israel Burnshttp sips latte#P2 #tcot #sgp #mtv #uniteblue #jcot #teaparty #progressive,neutral,positive,positive,positive
2. Yes ..crime can never be justified but if you are going to give death penalty to kidnappers why not corrupt politicians/looters?,neutral,negative,negative,negative
"From a dead stop, Tesla estimates that the Model S P100D can accelerate to 60 mph in 2.5 seconds. http",neutral,positive,positive,positive
Death penalty too strong? Think of the gene pool!http,neutral,negative,negative,negative
@user Christmas is by far the biggest holiday here in the USA. Thanksgiving is def. behind Halloween and prob Valentines and St Patrick's,neutral,positive,positive,positive
"As Trump's busy assembling his cabinet, HRC & Stein are hoping against all odds on a #recount in 3 states. Good luck w/ that. #RECOUNT2016",neutral,positive,positive,positive
CHANEL#me #chanel #i #screamqueens,neutral,positive,positive,positive
where can i get me a ricky martin,positive,neutral,neutral,neutral
Helping Melania work on her next Michelle Obama speech. #KeepsTrumpUpAtNight,negative,neutral,positive,neutral
@user Comey CROOKED as HRC,negative,neutral,neutral,neutral
@user Time for Seal Team 6 to pay George Soros a visit. 💩🔫,negative,neutral,neutral,neutral
📷 Playing robots in the Himalayas,positive,negative,neutral,neutral
GIVING THANKS for Dr. Ben Carson: Our Favorite Trump Supporter Changes Mind and WILL Serve in Cabinet Position....,neutral,positive,positive,positive
"Earlier: a #ThisIsUs Thanksgiving reminds us that all families are crazy in their own ways, says @user",neutral,positive,positive,positive
Samsung Galaxy Note 7 vs OnePlus 3 vs Galaxy S7 vs iPhone 6S Speed Test! . #AJNancy,neutral,positive,positive,positive
did melania ever apologize for stealing michelle's speech?,negative,neutral,neutral,neutral
Deep Learning for Visual Question Answering (VAQ) using KerasA really nice blog post by @user,neutral,positive,positive,positive
@user please look into why old people at Serenola Pines take drug money to supplement their social security money,negative,neutral,neutral,neutral
Yet those that screamed the Clinton Foundation had to be wound down are suddenly just fine with this and huge Int'l…,negative,positive,neutral,neutral
@user Because in places where your vote is tracked you get a visit the next day from Kim Jong-Un.,negative,neutral,neutral,neutral
"#GAMES: PlayStation VR: Top 10 Games, Google Earth VR verf&uuml;gbar &amp;... #playstation #sony",positive,neutral,neutral,neutral
Don't cry now mom #ThisIsUs,neutral,negative,positive,positive
This #blackfriday #CyberMonday everything 20% off! #TheWalkingDead #homealone & more #giftsforhim #giftsforgeeks…,neutral,positive,positive,positive
#Palestinian suicide bombings no longer permitted: #Qaradawi proclaims earlier fatwa now retracted. #Israel #Hamas,neutral,negative,negative,negative
#ThankYouObama for creating the strongest @user in almost a century and electing @user,negative,positive,positive,positive
@user It was devastating to see the way he looked at his mother. 😓 And all the traditions they've kept to remember Jack...😩 #ThisIsUs,neutral,negative,negative,negative
"US chicken, flour sold in #DRCongo via blacklisted Tajideen. Great piece in WSJ @user @user #Hezbollah",neutral,positive,positive,positive
Happy Birthday! Can't wait on Dancing with thousands of Jesus? Oh god. I get things to gay marriage? a spectacular,neutral,positive,positive,positive
Watching old episodes of The West Wing & realize Martin Sheen has more experience to run the US than our president-elect.#StillWithHer,negative,neutral,neutral,neutral
"The Nazi Democrats want Donald Trump to become distracted and engage in an ""emotional"" propaganda war thats unwinnable-But Trump is smarter",neutral,negative,negative,negative
Supermodel @user is proving she's in the business of making history and shattering barriers:…,neutral,positive,positive,positive
#Best #Toy #Transformers Robots In Disguise One-Step Changers Autobot Drift #Figure #Toys…,neutral,positive,positive,positive
Report: The rickety finances behind the Dakota Access Pipeline. #NoDAPL @user @user @user,negative,neutral,neutral,neutral
Kim Fatty the Third. 🇨🇳 🇰🇵,negative,neutral,neutral,neutral
Google is joining the .NET Foundation and will be part of the Steering Group.,neutral,positive,positive,positive
@user I guess you need a reading lesson Charlie,negative,neutral,neutral,neutral
Pretty much convinced that David Blaine isn't human.,positive,neutral,neutral,negative
Michael Moore is speaking much truth. This should have come out before the election. Remember when she hyphenated her name & folks flipped?,positive,neutral,neutral,neutral
I'm for overturning the electoral college or faithless electoral college electors; anything that will avert this planet destroying calamity.,negative,positive,neutral,neutral
"The courts will come to the rescue?The courts are the ones enforcing these laws,they are trying to bring back Jim C…",negative,neutral,neutral,neutral
"As an emoji user, I am thrilled there is a ""heil"" emoji! 🙋 lol #nazi",neutral,positive,positive,positive
@user more establishment politicians. #draintheswamp ? LOLno u all got conned and we're just laughing at you guys,neutral,positive,negative,negative
It is time to claim the election was rigged.,neutral,negative,negative,negative
"@user if michele obama was attacked and melania praised for same speech, same thing",negative,neutral,neutral,neutral
@user True. But there's a question that still needs to be answered: What if autism causes vaccines?,negative,neutral,neutral,neutral
"Meet the Model 3, Tesla’s Most Important Car",neutral,positive,positive,positive
"Western ISIS adventurism, Israel behind Hamas: Assange revelations #assange #hamas #israel #palestine #BDS",negative,neutral,neutral,neutral
Cubs fuck horny ass cougars,neutral,negative,negative,negative
"@user of course, it has nothing to do with Saakashvili. Oliver Stone has made ideal propaganda film, and Putin could get his oscar",negative,neutral,positive,neutral
"@user @user Also, learn what the Electoral College is. Popular vote is a BYPRODUCT not a basis for our elections.",negative,positive,neutral,neutral
@user watch he is gonna win the Cy Young now,neutral,positive,positive,positive
"@user @user @user conservatives used to pride themselves on being grounded, practical, down to earth, not fantasists. #change",negative,neutral,neutral,neutral
"every time i think about melania's speech i die laughing. HELLO. *airhorns*hello, i am proud to be- HELLO. *airhorns-* HELLO.",negative,positive,positive,positive
Pillar of the #Chappaqua community an outcast after backing Trump Petty libs#tcot #uniteblue #Clinton #ows #tlot,negative,neutral,neutral,neutral
#KeepsTrumpUpAtNight Should I build that wall around the entire America or on the Mexican border only???,negative,neutral,neutral,neutral
My point was like Fidel Castro or not he Cuba proved Socialism works..and without the US embargo it would flourish..,neutral,negative,positive,positive
The Best Testimony From Washington State&#39;s Gay Marriage Hearing via @user @user,neutral,positive,positive,positive
"@user @user @user @user Reagan wasnt for gun control then he saw some Blk Panthers with guns,then he was forit",negative,neutral,neutral,neutral
Walton family earns more than 130 million Americans - and food stamps and Medicaid funds used to subsidize its low wage earners,positive,neutral,neutral,neutral
Tony Romo auto contest prize out of Huddle,positive,neutral,neutral,neutral
Women Are Planning to Strike to Protest Donald Trump’s Election #TrumpProtest #NotMyPresident #StillWithHer,positive,neutral,neutral,negative
Selling Hot Wheels Tesla Model S #HotWheels #Tesla via @user #ModelS #collectible #toy #ebay #buyitnow #cool,neutral,positive,positive,positive
"Is Trump's Cabinet, The David Dukes of Pennsylvania Ave.? Hear our Bob Dylan: Trump protest song. #RobbingUsBarren",negative,neutral,neutral,neutral
When you're assigned to write a paper about the TPP but the president-elect isn't going to approve it anyways 🙄,neutral,negative,negative,negative
@user Blamed the embargo that did nothing.,neutral,negative,negative,negative
Bet you the one that leaked Michelle's speech to Melania too huh? #ShudaKnownSas,negative,neutral,neutral,neutral
"How many homeless could we feed w/ funds req’d to protect Melania #Trump in NYC? (1 mil / day for NYPD) @user should chip in, no?",negative,neutral,neutral,neutral
"Electoral college and ""2 Senators per state"" is a system rigged right in the constitution. Driven by demands of sla…",neutral,negative,negative,negative
"@user @user Jill, instead of a recount, why not do an audit of voter registration rolls, if you're really looking for fraud?",neutral,negative,negative,negative
We love our green vehicles (@user Model S and @user Mirai) but sometimes lack of infrastructure makes the V8-pow…,neutral,positive,positive,positive
I'm just dying to get on board with Thanksgiving 😭🦃🙌🏻,neutral,positive,positive,positive
Wry and wide ranging talk on consumer #robots by the ever entertaining @user,neutral,positive,positive,positive
‘Kim Fatty the Third’,negative,neutral,neutral,neutral
sakit cen wong iki #ABCGO — watching David Blaine: Beyond Magic,positive,neutral,neutral,neutral
"The Styx Pride have been moving between our dam and then to the East quite regularly. The cubs are more mobile,...",positive,neutral,neutral,neutral
@user @user @user Senator Warren please get out to #StandingRock and make sttmnt. #NoDAPL is #Bernie alone??,negative,neutral,neutral,neutral
Ashley Graham Puts Kim Kardashian's Booty To Shame #cr7 #pornhub,neutral,negative,negative,negative
Peter Thiel insider picked to oversee Trump's Defense Department transition Drone strikes against pesky journalists?,negative,neutral,neutral,neutral
Bob Dylan — Tombstone Blues #WNRNradio,positive,neutral,neutral,neutral
"Have you watched the trailer of #BeautyAndTheBeast yet?If you didn't, watch it right now.@user",positive,neutral,neutral,neutral
@user COMEY COUP.,negative,positive,positive,neutral
@user @user @user @user @user @user Firecrackers will get you the death penalty in CA!,neutral,negative,negative,negative
Ukraine tweeter is sarcastic after the EU's Juncker said Poroshenko is to cancel wood export ban. Futuristic pic of…,negative,neutral,neutral,neutral
"@user @user guys, guys take it easy the Cubs are just gonna go back to back World Series anyways",neutral,positive,positive,positive
@user the usa will become like cuba- old cars and no technology. It will be a self imposed embargo,neutral,negative,negative,negative
The United Nations Building from the Hudson.#un #unitednations #nyc #esterbauerhoneymoon @user,positive,neutral,neutral,neutral
Your wildest #dreams are on the other side of your biggest #fearshttp #DominatingYourMind #DYM…,positive,negative,neutral,neutral
"The #SupremeCourt is ensuring the legality of the process, not #Brexit per se. We should actually be grateful for that.",neutral,positive,positive,positive
Aiya won't see this face for awhile and obsess over Melania's speech together !1!1!!,negative,neutral,neutral,neutral
@user there is no point if the PM himself resigns when he shouldn’t.I am now counting on homeopathy & lack of vaccination.,neutral,negative,negative,negative
It's been a while since we've had a family drama like #thisisus ❤️,positive,negative,neutral,negative
"“Ultimately, it’s about the team.” @user shares what we can learn about #leadership from Tony Romo:",positive,neutral,neutral,neutral
"When all the nut jobs w guns start in, maybe it will be Trump's presidency that gets the US gun control...",neutral,negative,negative,negative
"@user please, Mr. Trump, find a spot in your cabinet for the fantastic Trey Gowdy!",neutral,positive,positive,positive
😑Ellison swings at Trump in Thanksgiving tweets | TheHill,positive,neutral,neutral,neutral
"@user Not yet. I have a few books on how to do that, but lately, I've used 3D printing instead. Will use wires if I use clay again.",positive,negative,neutral,neutral
"Good morning, #Ukraine has a new political party, New Forces with old #Saakashvili Fight for #Maidan heritage",neutral,positive,positive,positive
"#Turkey #Yemen EU should not freeze accession talks with Turkey, Germany says",negative,neutral,neutral,neutral
NBA: Jazz get a 108-83 win over the Nuggets. Hayward added 22 Points/7 Assists. @user @user @user #NBA #TakeNote,positive,neutral,neutral,neutral
"Retweeted Lost In History (@user):Muhammad Ali hugs Pelé at his goodbye match. He said: ""My friend....",positive,neutral,neutral,neutral
Why did I just watch Michael Moore defending #blacklivesmatter,negative,neutral,neutral,neutral
"""Possible to critique leaders/countries/policies/etc x AND y; not mutually exclusive"" - White liberals that can only be found critiquing x.",negative,neutral,neutral,neutral
Remy most def started the shit with truffle butter remix and all the way up remix ...... nicki just released TPP fr…,negative,positive,neutral,neutral
Hopefully Venezuelans free themselves of Maduro now that Fidel is dead so they can eat and live with dignity,negative,positive,neutral,neutral
#JackAssWilly's Options to go into hiding are running out | via @user | http |,negative,neutral,neutral,neutral
New National Minimum Wage Increases -,positive,neutral,neutral,neutral
Microsoft joins the Linux Foundation! Shocking but true! Read what this means for both companies:,neutral,positive,positive,positive
Love it - #Chicago #cop guns down #BlackLivesMatter thug in #Chicago: #LOL #NAACP #BlueLivesMatter #BlackTwitter,neutral,positive,positive,positive
@user I think you should pick Rudy over Mitt but I trust your judgement. #PresidentTrump #MAGA #DrainTheSwamp,positive,neutral,neutral,neutral
how Bob Dylan hoodwinked an entire generation into thinking his voice was tolerable.,negative,positive,neutral,neutral
@user If she thinks that MA voters will forget her lapse she is sadly mistaken. @user @user @user,neutral,negative,negative,negative
"#Hezbollah soldier hands were blown off by an IED in February, walked from #Najaf to #Karbala in #ArbaeenWalk",neutral,positive,negative,negative
"@user @user @user Khaki is not a good colour on me, mind you Kim Jong Un looks great in it",neutral,positive,positive,negative
Taylor Swift and Todrick Hall Celebrate Thanksgiving With an Epic Mannequin Challenge via @user,neutral,positive,positive,positive
"@user Make sure your human companion gets their vaccines and other medicals, or else they will sick you and you will death@user",neutral,negative,negative,negative
See how Uber drivers use weteak's software to track income and manage expenses!,positive,neutral,neutral,neutral
Parents Sue #California for Law That Forces Children to Get Vaccinated #Vaccines,neutral,negative,negative,negative
TeslaMotors: .MensJournal pushed Model S P100D to its limits. Their verdict: 🚀 #teslasharing,positive,neutral,neutral,neutral
"If we have found in GOD meaning for our own lives, we cannot be indifferent to those who are sad or suffering. --Pope Francis",neutral,negative,positive,positive
Leonard Cohen's Son Shares Tribute to Late Father,positive,neutral,neutral,neutral
".@user More realistic version: TRUMP: Putin is a great guy. POROSHENKO: I totally agree! TRUMP: That was a joke, dumb boy.",positive,negative,neutral,neutral
".@user takes down a @user reporter spectacularly. It's Philip Bump, former thug activist.",negative,neutral,neutral,neutral
@user @user oh.......oh no you didn't,neutral,negative,negative,negative
And you thought you were having a bad day...http,neutral,negative,negative,negative
@user @user Waving hello at NPI conferences really pales in comparison to the insidious designs of Leftists.,neutral,positive,negative,negative
#UnitedNations save #Aleppo please. Stop #Russia,neutral,negative,negative,negative
The 10 Best Quotes at the National Book Award Ceremony- #NBAwards via @user @user,neutral,positive,positive,positive
This is how i celebrated #NationalFastFoodDay ...I'm not ashamed...it was a holiday..http,neutral,positive,positive,positive
#4WordBargainBad hombres' honed bras#jokes #comedy #humor,positive,neutral,neutral,neutral
@user Putin's endgame is to get states to dissolve the Union; Trump's devious rhetoric turned policy may make for short reign,negative,neutral,neutral,neutral
"Saakashvili Founds New Party, Begins Struggle for Power in Kiev – Nolan Peterson",negative,neutral,neutral,neutral
"@user I wish you'd stayed in the PC race; save the party from basket of deplorables. I may vote liberal, for the first time ever.",neutral,negative,positive,negative
@user @user that's a lot of conservatives,negative,neutral,neutral,neutral
Waking up beside UI'm a loaded gun I can't contain this anymoreI'm all yours I got no control No control:),neutral,negative,positive,negative
Homeopathy and chiropractor is out for the dentists office.,negative,neutral,neutral,neutral
"@user People's Republic of China, is a state governed by the Communist Party of China. We trade with them but Embargo Cuba???",negative,neutral,neutral,neutral
@user @user he's always been a weird gold standard/bitcoin guy but in 2008 he was all for Obama,negative,neutral,neutral,neutral
"@user When will Melania do her ""I have a dream"" speech? I'm looking forward to it :)",neutral,positive,positive,positive
"Good Food's most popular recipes 2016: Best chicken recipes, vegetarian… #Recipe #GoodFood…",neutral,positive,positive,positive
Putin called the government of Saakashvili an insult to the citizens of Odessa #news #Russia,neutral,negative,negative,negative
"So, if that were Grayson Allen on the floor he would've tripped someone lol!",positive,neutral,neutral,neutral
@user fastest growth rate of vegetarianism in Europe is in Germany (I'm going to assume veganism also),neutral,positive,positive,positive
Cristiano Ronaldo gets the better of Lionel Messi on social... #LionelMessi,neutral,positive,positive,positive
"@user like abortion, gay marriage, and obamacare? @user",negative,neutral,neutral,neutral
"As Wildfires Rage, Israel Suggests Arson and Asks for Foreign Helphttp #tcot #uniteblue #IsraelUnderAttack #IsraelNews",neutral,negative,negative,negative
"@user I must say your book nearly made me cry, because i paid money for it, haa haa just kiddin. What you want to be when grow up?",neutral,positive,positive,positive
bot that blocks absolutely everyone on Twitter. by training. grandpa by inclination. I like giant robots.,neutral,negative,positive,positive
@user @user I believe Medicare is fine as it stands. But would have to read the facts about privatizing this program.,positive,neutral,neutral,neutral
My interaction with @user Secretary General Ban Ki-moon at New York University! #un #UnitedNations #nyu #NewYork,positive,neutral,neutral,neutral
Why does this horse have the same look of fear in its eye when next to Marine Le Pen as Romney did when next to Tru…,neutral,negative,negative,negative
@user Pointless committee. No one needs rights. Just Kim Jong-un.,neutral,negative,negative,negative
#KimJongUn#김종은#金三胖！#金胖胖！#金胖肥！#FreeSpeech#China bans people calling #NorthKorea's leader #KimFattytheThird,negative,neutral,neutral,neutral
@user @user Pretty funny. Maybe nuclear hay wagons are next? :))),negative,positive,positive,positive
".@user @user ""Grab them by the Medicare. Grab them by the overtime. Grab them by the Social Security"". We'll see if it's funny.",negative,positive,neutral,neutral
"No conflict of interest here, of course.",positive,neutral,neutral,neutral
Watch @user accept the #NBAwards for Young People's Literatuer on @user,positive,neutral,neutral,neutral
"Congratulations on winning Michigan, even by a hand vote count and verification! Now #DrainTheSwamp…",neutral,positive,positive,positive
"@user @user @user @user Not all that great of a day, but thanks anyway!",neutral,positive,positive,positive
.@user @user - 30 year-old man who wants to lead the greatest democracy on the planet.,neutral,positive,positive,positive
@user @user no one is being paid to protest Trump but anyone with a thinking mind just does.,negative,neutral,neutral,neutral
.@user @user I think most of us had that figured out but is the money coming thru the Super Pac from George Soros?,negative,positive,neutral,neutral
"Man, 2016 has been a heavy hitter! Robert Vaughn, Leonard Cohen, Arnie Palmer, Gene Wilder, John Saunders, Flo Henderson, Ali, etc.. Sigh.",negative,neutral,positive,positive
@user your statements are becoming as original as Melania Trump's convention speech,negative,neutral,neutral,positive
"@user @user Thank God the popular vote doesn't matter, we'd have a corrupt pay-to-play criminal elected.",neutral,positive,negative,negative
I can't wait to go to my nonna's house and be lectured about how wrong my vegetarianism is,neutral,positive,positive,positive
"At the Connect(); developer event this month, #Microsoft announced that it is joining the #LinuxFoundation -",neutral,positive,positive,positive
Here's Clinton giving her support for BLM #BlackLivesMatter #VoteGreen @user @user @user,positive,negative,neutral,neutral
"ya know, it's funny how people like to say that Melania plagarized Michelle's speech when trump plagarized Reagan's…",negative,neutral,neutral,neutral
My uncle from Cali just informed me he routinely plays golf with Mike Mccormick aka a former Cy Young winner,positive,neutral,neutral,neutral
"Don't count the days, make the days count. -Muhammad Ali",positive,neutral,neutral,neutral
This is what may be happening in the USA if Trump continues down the road his transition seems to be taking,negative,neutral,neutral,neutral
Pictures: Andrés Iniesta in his recovery stages. #fcblive,positive,neutral,neutral,neutral
All of the above. #Iraq #Libya #Syria Mainstream Media = #FakeNews,neutral,positive,negative,negative
This explains why Trump spoke so passionately about #Autism and why Melania is platforming on anti-bullying.,positive,neutral,neutral,neutral
We won't stop! #TrumpTransition #TrumpArmy #NeverRomney #draintheswamp,neutral,negative,positive,positive
"China concedes to North Korean request to censor searches for ""Kim Fatty the Third""",negative,neutral,neutral,neutral
"In Scotland, Trump Built a Wall. Then He Sent Residents the Bill. #StrongerTogether #StillWithHer #UniteBlue",negative,neutral,positive,neutral
@user the lords of poverty in #Yemen will not accept a peaceful settlement as to stop the starvation among the major…,neutral,positive,negative,negative
"@user @user @user @user @user @user When he F'd HRC, he F'd us all! Handing us DJT.",negative,neutral,positive,positive
"For any of you still looking to hit up the Tipp Co mall, it's still fairly busy. No lines, but a good crowd.",neutral,positive,positive,positive
ha david blaine? more like david plain,negative,neutral,neutral,neutral
Perbandingan antara Messi dan Michael Jordan. #fcblive [Sport]Just enjoy this Data.😀😀,neutral,positive,positive,positive
@user @user Just the beginning. Fracking and pipelines need to end New energy sourses put in place and treati…,negative,neutral,neutral,neutral
"morning, sluts. #ScreamQueens",negative,neutral,positive,neutral
Millions of Muslims take part in mass anti #ISIS march,positive,neutral,neutral,neutral
"she set the stage for TPP, and made sure all the stars were aligned for it while serving in the state dept.",neutral,positive,positive,positive
PeterTownsend7: The Qur'an on Gay People #trump #maga #isis #tcot #anythingbutislam #reli…,negative,neutral,neutral,neutral
I wonder who this marketing is aimed at? Goes for a lot of the Indian #homeopathy advertising on twitter. Domestic…,negative,neutral,neutral,neutral
I can't wait till self-driving cars become the norm. I hate driving.,neutral,negative,positive,positive
"@user @user abortion has nothing to do with evolution, women were having abortions before evolution was understood.",neutral,negative,negative,negative
"The US has made-up drug trafficking case against the two nephews of the Venezuelan first lady Cilia Flores, the...",negative,neutral,neutral,neutral
Cristiano Ronaldo and Lionel Messi ● Great Friends ● 2016 HD: Subscribe to my FIFA channel…,neutral,positive,positive,positive
@user here ya go Einstein @user,negative,neutral,neutral,positive
I have persona 5 music stuck in my head,positive,negative,neutral,neutral
Only @user can scare the living hell outta people without even changing the tone of his voice #Westworld,positive,neutral,negative,negative
Retweeted Elle Druskin (@user):Leonard Cohen's Hallelujah in Yiddish by Daniel Kahn....,positive,neutral,neutral,neutral
Bill Clinton reacts to Melania Trump’s bullying speech,negative,neutral,neutral,neutral
I have narrowed it down to 3 priorities (open to discussion of course) 1. #recount2016 2. #electoralcollege 3. Voter suppression,positive,neutral,neutral,neutral
"Your self worth isn't based on someone else's thoughts, opinion or threats. #StandUp! #SpeakUp!…",positive,neutral,neutral,neutral
I would LOVE to give Grayson Allen a fake number,negative,positive,positive,neutral
@user @user @user yes they are being labelled as such by SOME commentatirs as I said and by many of far-rightists.,negative,positive,neutral,neutral
"If you look at the one thing that conservatives #value, that liberals do not, it is truth.",negative,neutral,neutral,neutral
"I've noticed the US embargo didn't work, I noticed flat TVs and other new tech in Cuba",negative,neutral,neutral,neutral
.@user reports @user and @user have teamed up to build a library of deep learning algorithms.,positive,neutral,neutral,neutral
@user watch that new david blaine show. shits nuts. you won't regret it.,neutral,negative,positive,positive
"Vice President Mike ""Fag Punisher"" Pence",negative,neutral,neutral,neutral
"Ah yeah, but these are the *good* immigrants, nice well spoken white non-Muslim boys. Not bad hombres.",negative,positive,positive,positive
water is the essence of life & more important than oil ...we dont consume fossil fuels...our body is not made of liquid oil but of WATER,neutral,negative,positive,positive
@user funny to find inspiring all the words Obama says even when he applauds riots disguise as anti Trump movement,negative,positive,positive,neutral
@user #NeverRomneyRe-stocking the SWAMP#DrainTheSwamp...,negative,neutral,neutral,neutral
The R. Belo Daily is out! #beautyandthebeast,neutral,positive,positive,positive
"Abby *talking about the Hamilton soundtrack"": I heard Zac Efron had to wait like 8 months to get tickets, imagine me",positive,neutral,neutral,neutral
@user @user why read about her tears?,neutral,negative,negative,negative
‘Lots of kinks to work out’ understated: One reporter's Obamacare experience via @user,negative,neutral,neutral,neutral
"*Friday Night*Me: Siri, we're friends, right?Siri: Uh...Who is Siri? I am a Galaxy Note 7. *Catches Fire*Me: Huh. Third one this month...",negative,positive,positive,positive
Retweeted Medical Marijuana (@user):So it's legal for a single doctor to prescribe these dangerous...,negative,neutral,neutral,neutral
Muhammad ali the great boxer speaks about his conversion to islam,positive,neutral,neutral,neutral
HERE THEY COME! Jumping on the #TRUMP BANDWAGON!😁 Mexican Cement Co. Offers Help To Build Border Wall,negative,neutral,positive,neutral
"#Netanyahu has warned that ""arson will be treated as terror"". Now, here is #terrorism - by illegal #Israeli settler…",neutral,negative,negative,negative
When your dream is to be the next kim Jong Un,positive,neutral,neutral,neutral
Pope Francis could've privately answered the 5 yes?/no? questions the cardinals originally posed PRIVATELY.…,negative,neutral,neutral,positive
RIP EU Persona 5 PSN theme ;_; ;_; ;_;The ride never ends for Europe,neutral,positive,positive,negative
@user pre tpp but shit i love the one during his death too,neutral,negative,positive,positive
Let U.S. lift embargo...give socialism a chance on equal playing field..the US for years have planted sleepers in C…,negative,positive,neutral,neutral
@user I have brought this up etc. And Reid demanded info from Comey but he was too busy helping Trump,negative,positive,neutral,neutral
"Obviously, this isn't aimed at all leftists, but there are a scary amount who act this way. Many of whom are a part of this new wave",neutral,negative,negative,negative
"Thankful for white supremacists, the media, fake news, Vladimir Putin, the FBI, Electoral College, and gullible people! #thiefinchief",neutral,negative,positive,negative
"Ya Allah,Please Help the muslims of #Iraq #Syria#Gaza#Yemen #Burma#KashmirPlease don't scroll down without sa…",positive,neutral,neutral,neutral
Case-Mate: Samsung Galaxy Note 7 Case Collection – Free Shipping,neutral,positive,positive,positive
"For Democrats to recover, Nancy Pelosi and her team should go",negative,positive,neutral,neutral
Arthur and Psycops have been friends since childhood. Couple of bad hombres. #gorelords,negative,neutral,neutral,neutral
"I’m a student of Sergei Eisenstein, Nazi propagandist Leni Riefenstahl.” - Steve Bannon .Propagandist in White House... brilliant #Trump",negative,positive,positive,neutral
Leave @user he doesn't do animal testing the company does. Some face wash company's DO animal testing and I don't see u no buying it,neutral,positive,negative,negative
Who wants to work for #Uber after reading this from Business Insider UK?,negative,neutral,neutral,neutral
House Conservatives Signal Donald Trump Won't Have A Blank Check | The Huffington Post,negative,neutral,neutral,neutral
"@user @user @user yes, and as a jew i'm shocked at the number of #lgbtq's who support #hamas on here.",neutral,negative,negative,negative
"First Thanksgiving, Christmas, New Years, Valentines Day and Birthday without my Dad 😪!",negative,positive,positive,positive
Obama is the greatest POTUS so sad Trump will always be pictured beside him in history. Trump isn't worthy.…,neutral,negative,negative,negative
"@user you mean privatizing it, oh that'll be great, an HMO worthless plastic card like Medicaid, yea u care about the vets",negative,positive,neutral,neutral
"north korea, after banning sarcastic comments about the government, now asks china to censor “kim fatty the third”…",negative,neutral,neutral,neutral
"bill english voted against gay marriage, don't ever forget that over the next year.",neutral,positive,positive,negative
🏀@user is ready #fcblive #GSOFCB,neutral,positive,positive,positive
"@user and this is exactly why we are getting the dems out of the W.H. for good, and putting a republican in office to drain the swamp!",neutral,positive,positive,positive
"10/When Nazi scientists looked at options for creating a ""pure race,"" they turned to the experts in the Anglophone world who'd done the most",negative,neutral,neutral,neutral
"@user I think, u know I think I would like to build a wall on the border with mexico, not to let mexican food in",negative,neutral,neutral,neutral
@user hahahahahaahhahahaahha bhae i identify with leftists because i dont identify with rightists,negative,neutral,neutral,neutral
#IslamicState beheads 15 #IraqiArmy soldiers in #mosul Read more #MosulOffensive #ISIS,neutral,negative,negative,negative
The Tesla Model S was added to #Hertz Dream Cars line-up.,neutral,positive,positive,positive
TGIF DRIVE #sensual #redlight #uber #uberlife #eyeswideshut #👀 #tgif #friday #look #mirrors #portrait #lights #pari…,positive,neutral,neutral,neutral
A Deep Learning Supercomputer Approach to Cancer Research,positive,negative,neutral,neutral
#VIDEO #ZionistPM Blamed #Palestinians for Alleged #ArsonAttackshttp,neutral,negative,negative,negative
Social Security Went In On This Check Smh. Like A Whole $60 For What 😩😩,negative,neutral,neutral,neutral
@user @user @user @user @user @user n weve always ben told dems were the nazis,negative,positive,neutral,neutral
@user she working for GEORGE SOROS ANOTHER PAID PUPPET,negative,neutral,neutral,neutral
@user @user @user They come forward for chemical castration. If they don't and hurt a child it's death penalty. Easy :-),positive,negative,neutral,negative
Is there anything Tim Duncan can't do?,positive,negative,neutral,neutral
Studs Terkel 1963 interview with Bob Dylan airing right now on @user livestream at ♫♪♫♪♫,positive,neutral,neutral,neutral
Let's see Palin in the Cabinet!-->Exclusive -- Sarah Palin on Her Political Future via @user,positive,neutral,neutral,neutral
"So fracking is bad, but covering 100 acres of grass in tarmac is fine?Righto. 😐",negative,positive,neutral,neutral
: #GalaxyNote7 #Smartphone - Samsung Galaxy Note 7 updates: Samsung France offering free 12…,neutral,positive,positive,positive
@user From a UK perspective this is a worrying development as the US has always been the gold standard for freedom of speech.,neutral,negative,negative,negative
Is this the biggest cock-up in the history of homeopathy?http via @user,neutral,negative,negative,negative
Ok there's only been two instances where American actually made me proud to be American. When they legalized gay marriage and today #NoDAPL,neutral,positive,positive,positive
Who did Soros buy off in Oakland?,negative,neutral,neutral,neutral
Thankful for nasty women and bad hombres.,neutral,negative,positive,negative
#VanessaHartley Hating people because of their color is wrong & it doesnt matter which color does the hating. Its plain wrong- Muhammad Ali,neutral,negative,negative,negative
"@user @user Not to worry, sensible gun control laws are coming. When they wake up & realize AA'S are buying guns by the...",negative,positive,neutral,neutral
"@user @user @user I am sure she does when every Tom, Dick and illegal get a voter registration w/their DL in CA!.",negative,neutral,neutral,neutral
"#Ukraine #Poroshenko Signs Law That Allows Fining TV & Radio Stations For ""Separatism"" via @user",negative,neutral,neutral,neutral
"@user I stirred t pot w leftists at a Mike Brown rally ~ yr ago, had maybe 10 breathing dwn my neck, but this was far more intnse",negative,positive,neutral,neutral
@user fingers crossed for my son 👌🏼 #Hatchimals #blackfriday,neutral,positive,positive,positive
Algeria donated to Clinton Foundation to get off terror list. by #egopanthers via @user,negative,neutral,neutral,neutral
"Brave @user won't be covering Melania as much: ""We plan on having no part in normalizing theTrump family.""",negative,neutral,neutral,neutral
TRUMP SEEMS TO B PICKING HILLARYS PICKS SO IN DECEMBER SHE CAN STEP IN WITH A PICKED CABINET HA?!,negative,neutral,neutral,neutral
Big Oil's Isadore Hall was in DC last week pretending to be the new congressman-- even asking Pelosi to let him vot…,negative,neutral,neutral,neutral
Some ole lady at thanksgiving was talmbout how she used to buy a zip for $40,positive,neutral,neutral,neutral
"#ISIS claimed responsibility for a suicide operation targeting al-#Hashd forces near Al-Arbeed village, NW Hammam Al-Alil. #MosulOffensive",neutral,negative,negative,negative
Jesuit Pope Francis took this Jesuit Oath of Extreme Induction .NOW you decide who is the SICK one in need of Chris…,negative,positive,neutral,neutral
Goes to show what can be achieved by committed resistance to planet destroying fossil fuels.#NoCarmichael…,negative,neutral,neutral,neutral
@user I'm seeing so many liberals praising #Castro as a hero and a role model in spite of all he's done.,negative,positive,positive,neutral
@user Being gay isn't a choice!!!!! A panel of gays including Anderson Cooper and Ricky Martin decide your fate,negative,neutral,neutral,neutral
"#Yemen: WikiLeaks on Twitter: ""The #Yemen Files: evidence of the US arming, tra… see more",negative,neutral,neutral,neutral
the Dakota Access Pipeline is being funded by some of the most prolific donors to the Democratic Party. #NoDAPL,negative,neutral,positive,neutral
This simply means in English he is providing more support for @user and #BlackLivesMatter to set them up and do h…,neutral,positive,positive,positive
.@user rival #Grab’s first CFO is leaving the company after just seven months - via @user #india #uber,negative,neutral,neutral,neutral
only USA UK Israel say Vatican Pope Francis viel Glueck fuers Leben sagt Gott,negative,neutral,neutral,neutral
Donald Trump: Fight the appointment of hate-monger Steve Bannon to the President-Elect's administrati... via @user,negative,neutral,neutral,neutral
"Donald, take it easy my friend, but I can't wait to see u start building that thick high wall on the Mexican border to seal ur legacy",neutral,negative,positive,positive
"@user Enjoy your wait! You have Google and can type in ""voter suppression"", I presume.",negative,positive,positive,positive
I've started using Marine Le Pen's twitter acct to figure out if I am happy or sad about EU political results (Italian referendum - oh no!),negative,positive,neutral,neutral
#BREAKING: Philippines Vice President resigns from Duterte cabinet. She is against the war on drugs and re-introduc…,neutral,negative,negative,negative
Can't believe how excited #Celtics fans are about Horford. Newsflash: He's not the 2nd coming of Tim Duncan.,neutral,positive,positive,positive
"I miss my country,Palestinethat's what my grandmother told me when I asked why's she sad today. #Palestine",neutral,negative,negative,negative
Tesla released inside footage of the Model S views when in autopilot mode. We're definitely several steps closer to…,neutral,positive,positive,positive
Yesterday was #NationalFastFoodDay and @user Makes Sure you Don't Forget about #BellyBurger…,neutral,positive,positive,positive
"Translation: Long live Trump, long live Putin, long live Marine le Pen, and long live the [Northern] League!",positive,neutral,neutral,neutral
Daniel Thomas Dyer explores Rumi's influence on Leonard Cohen's music.,positive,neutral,neutral,neutral
OMG it's Hatchi-Hell out there‼️ We need more #Hatchimals 😱 @user @user @user I'm going to share my sources next! 😇,neutral,negative,positive,positive
. #Trumpslegacy will be dismantling @user s legacy in 100 days. It's so easy it's hardly fair. #thewall #obamacare #immigration,neutral,positive,positive,negative
@user @user @user What's funny is that you people label yourselves as Christians.,negative,neutral,positive,neutral
Renzo was Italy's 41st PM since the war.Another vote on immigration pulling Europe apart.,negative,positive,neutral,neutral
"Niall & Louis, the same shirts ♥#MPN #onedirection & #MtvStarsNiallHoran",positive,neutral,neutral,neutral
"@user @user Oh, really. Verlander already was a star at 23.",neutral,positive,positive,positive
White supremacists claimed they will make twitter accounts as black people. So I'm not responding to any coon-ish tweets.,neutral,negative,negative,negative
Kremlin media troll houses pushed support for trump and crucified Clinton. All because Putin didn't want to see We…,neutral,negative,negative,negative
"We spoke to 9 year old Judy in eastern #Aleppo again""I want 2 go to school I’m not happy like this. At school we h…",neutral,positive,negative,negative
Venezuelan President Maduro: Fidel in eternal life will fight on until victory forever.,neutral,positive,positive,positive
"@user To name a few: James Marsden, Nikki Blonksy, Taylor Parks, Elijah Kelley, Michelle Pfeifer, fucking John Travolta and Zac Efron",neutral,negative,negative,negative
#Iraq #MosulOffensive #SVBIEDShiite terrorists at Tal Afar airport record a vehicle bomb attack by a Daesh terrori…,neutral,negative,negative,negative
Like it's about abortion 😞,negative,neutral,neutral,neutral
What You Love- Live life @ 300%http,neutral,positive,positive,positive
That shooting ad about paying attention kinda bothers me. Look at useful GUN CONTROL first before disaffected youth,neutral,negative,negative,negative
Gun Sales Down Nationally Following Trump Win #tcot #tpp,negative,neutral,neutral,neutral
"#BlackLivesMatter protester hit by Black drivers via ""OH MY GOD"" Now that was funny.",negative,positive,positive,neutral
"@user @user #DumpTheEstablishment #DrainTheSwamp #NeverRomney Never, ever!…",neutral,negative,negative,negative
"@user Fox News: Former ICE agent: I arrested over 1,000 illegal aliens, routinely encountered those with voter registration cards.",negative,neutral,neutral,neutral
This Week in Ridiculous Regulations #tcot #tpp,neutral,negative,negative,negative
@user Don't stop fighting Marine Le Pen !!!,neutral,negative,positive,negative
In case someone is not aware of Steve #Bannon's mental issues...,negative,neutral,neutral,neutral
"America, for instance, has more than 200 years of lessons unlearned. As for Britain, Brexit is 100% in keeping with its aloof insularity.",negative,neutral,neutral,neutral
"Fidel is gone, maduro you are next.",negative,neutral,neutral,neutral
@user Tim Duncan and Kareem both had better careers than Kobe,neutral,negative,positive,positive
Pope Benedict admits he was 'unsure' about Francis at first,negative,positive,neutral,neutral
Prophesized collapse of organized religion in society? We can only hope. They think Francis will be the last Pope. He's a hard act to follow,positive,neutral,neutral,neutral
"@user @user we must fight as democrats. Having Steve Bannon, Donald Trump, and Breitbart leading our country how scary!",neutral,negative,negative,negative
Untrustworthy journalists left us vulnerable to fake news: Steve Deace via @user #college #Democrats #UniteBlue,neutral,negative,negative,negative
"""TSA has recalled the air travel of the Samsung galaxy note 7. If you have this device, please step up to the security line""",negative,positive,neutral,neutral
"#Didyoumiss via @user Meet Melania Trump, the former nude model that is America’s new First Lady FLOTUS",negative,neutral,neutral,positive
"Spend #BlackFriday IN #The602Club for the best deal, we talk #FantasticBeasts with @user & @user",neutral,positive,positive,positive
"We shouldn't be celebrating other people's death even if we hate them, we're better than this! #Palestine #PalestineBurning",neutral,negative,negative,negative
"I found a nice strip club in Miami for sale, but I also want to open my medical marijuana dispensary and a big biker bar. Maybe all of them.",neutral,positive,positive,positive
@user Funny since it is easy to prevent fraud: Ensure social security number exists before allowing voter registration.,negative,positive,positive,neutral
Absolutely!@user @user @user NOT watching @user #OUAT ruin #BeautyAndTheBeast #RumBelle…,neutral,negative,negative,negative
That meeting with pelosi Shumer and others dems..including Hillary and.. ( Jill Stein),negative,neutral,neutral,neutral
i just wonder how much @user got paid and what position she was offered - may be a role in Clinton Foundatio…,negative,neutral,neutral,neutral
Quick! Do one of those on-the-street things where you ask random people if we should pull out of TPP and then ask them what it stands for!,negative,neutral,neutral,neutral
"VEVC in the Santa Lights Parade! 6 EVs including a Tesla Model X and S, down Govt St, starting at 5:45pm.…",neutral,positive,positive,positive
"Bruh if my girl cheated on me with Cristiano Ronaldo, I'd just be jealous.",neutral,negative,negative,negative
Are you hunting for one of THESE? @user got a #Hatchimals and we'll be telling you how to get it…,positive,neutral,neutral,neutral
Reports from the scene suggest that the victim was killed.#DebunkIsrael#israelisburning#BDS#Palestine#Jerusalem,neutral,negative,negative,negative
Who Are the Millions of ‘Bad Hombres’ Slated for US Deportation? via @user,neutral,negative,negative,negative
"Cubs- ""We want to win the World Series in 2016.""Devil- ""OK, but it's gonna cost you.""Cubs- ""pfft, how bad could it be?""",positive,negative,neutral,negative
@user @user When I say safe about Aleppo I mean still alive and free.,neutral,positive,positive,positive
@user I'd love if some of these white supremacists did their DNA - I'm sure they'd be in for some surprises.,neutral,positive,positive,negative
WAIT! COME BACK! NOOOO! [burp] - Mike Pence as,negative,neutral,neutral,neutral
(Montreal Gazette):#Leonard Cohen's most recent #CD flying off store shelves in Montreal..,positive,neutral,neutral,neutral
"#GilmoreGirlsTop4 Christiane Amanpour, Sophie Bloom/Carole King, Madeleine Albright, Barbara Boxer",positive,neutral,neutral,neutral
"@user @user Happy Thanksgiving,hope you had a lot to be thankful 4. Please, Re-Do OBAMA CARE its that time again & its BAD!",neutral,positive,positive,negative
"Turkey you meddling fuck. I'm just kidding, you are a strong independent state actor who does what she pleases.…",neutral,negative,negative,negative
@user Great! Now support an end to fracking.,neutral,positive,positive,positive
Immigration is a really crucial issue for these tech giants.,negative,positive,neutral,neutral
#DSU: here is a great read to understand Thxgiving and present-day Native American relations,neutral,positive,positive,positive
"""TPP Grants Banks Terrifying Secret Powers"" on YouTube",positive,neutral,neutral,neutral
@user @user - David blaine and nathan fielder would be whining abt ralph nader lol,negative,neutral,neutral,neutral
"Welcome to the clubThe year of vilification of the professions-doctors,judgesWhy? Because we hold Govt to accounthttp",neutral,positive,positive,negative
I think the only thing about Persona 5 I'm dreading is the obligatory beach/hot-springs event. Ever since 3 we keep getting it.,neutral,positive,negative,negative
@user @user @user ...and the Clinton Foundation did well during the Obama years as a pay for play business,negative,neutral,positive,positive
"@user Normally, it works just fine, with integrity. The past winners confirm that. In this instance, two ballots minus Verlander? Bad",negative,positive,neutral,neutral
"@user @user I pretty much got it now while I have the money so I won't have to worry when Persona 5 comes out lol, I'm pathetic",neutral,negative,positive,positive
@user @user says best in nation. He's turning in his Grayson Allen fan club card. #GoHeels #MauiInvitational #BilasIsADookie,neutral,positive,positive,positive
Ricketts Scores Cash For Cubs..,positive,neutral,neutral,neutral
@user CHIP defines a child at conception. Some Democrats want to end CHIP by folding it into Medicaid. Should…,negative,neutral,neutral,neutral
"@user With you as Commander-in-Chief believe you'll get DOD/Contractor Partners ""smart"" in this key area…",neutral,positive,positive,positive
Hey Kim Fatty The third u there :D ? Fatty fatty,negative,neutral,neutral,neutral
#Aztecas #Maya #Indigenous Peruanos. Love it. #DAPL Shows What Happens When Indigenous Communities Unite-,neutral,positive,positive,positive
"Other than Lorelai and Rory, #GilmoreGirlsTop4 characters are: 4.Sookie 3.Kirk 2.Jess",positive,neutral,neutral,neutral
"#ISIS claimed responsibility for a suicide op, launched by #Morocco national, in Al-Intisar, E.#Mosul, allegedly killing 18. #MosulOffensive",neutral,negative,negative,negative
the only one good thing about this whole dirty grandpa movie was zac efron's dick,negative,positive,positive,neutral
Love is love. No room for hate! @user from @user - @user @user para Cuando Un...,neutral,positive,positive,positive
@user I don't think we'll see anything like that from the Cubs for a while. Cubs used unprecedented prospect depth for that one.,positive,neutral,neutral,neutral
@user ummm @user should be in the middle and @user on DJT right side. At least Paul u got #MakeAmericaGreatAgain,neutral,positive,positive,positive
AFRICOM: Strikes destroy 29 #ISIS sites in #Sirte. #Libyahttp,neutral,negative,negative,negative
@user prediction: Walker will get the cy young next year and a golden glove for Marte. The trade curse must continue!,positive,neutral,neutral,negative
"@user No gold standard can support the needs of a modern monetary economy. This ""intrinsic value"" you speak of is arbitrary.",neutral,positive,negative,negative
And Newton is about 5 years overdue for that. Eclipses Cristiano Ronaldo as the biggest prima donna in sports.,neutral,positive,positive,positive
This is why I firmly support Paul Ryan's plan to gut Medicare. White folks over 45 voted 60-40 for Trump. Let em ha…,negative,neutral,neutral,positive
"After watching the media applaud the Obama admin parade of fusterclucks, it's curious to see their concerns Trump choose qualified people.",negative,neutral,neutral,neutral
"Yep. A wall on the Mexican border, that is. Obama, Schumer, you name it. They all voted for it. Consistently contra…",negative,neutral,neutral,neutral
Let me fix that headline for you: GOP Looks To Gut Medicare.You're welcome.,negative,positive,neutral,neutral
Seems Tim Duncan is doing more than just showing up at #Spurs practices #spurs #gospursgo,positive,neutral,neutral,neutral
This @user account is delicious! Nothing but deplorables who already feel betrayed by the Cheeto 😂😂😂😂,negative,positive,positive,positive
😇 (Vine by #TheWalkingDead),positive,neutral,neutral,neutral
Nu: Happy Music (Eddy) Met dit uur o.a.: DRAKE - ONE DANCE (FT WIZKID AND KYLA) - 2016 RICKY MARTIN - SHE BANGS...,neutral,positive,positive,positive
"Obama ""pandered to his green friends on the the #KeystoneXL pipeline. Result: Mr. Trump is inheriting a rebound in natural gas #fracking""",negative,neutral,neutral,neutral
"@user MAC is perfect, but no longer animal-testing free 😿I'm on a constant search for a Lady Danger dupe that feels as good...",neutral,positive,positive,positive
RT @user In the news: 'Alt-right' is believed to have been coined by the guy who quoted Nazi propaganda in D.C. on Saturday. htt…,negative,neutral,neutral,neutral
this shouldn't be a thing... #NationalFastFoodDay,neutral,negative,negative,negative
For #CriminalMinds #Hotchner and #Morgan back. For #TheWalkingDead Faster paced show. For 'Our' group to rise up fr…,neutral,positive,positive,positive
The perfect Christmas gift for any lapsed Catholics or dentists that you only want to spend £2.60 on.…,neutral,positive,positive,positive
Kim fatty the third is the most hilarious nickname I've ever heard for North Korea Leader lol. #fatbastard #layoffthecarbs #probablyavirgin,neutral,positive,positive,positive
@user Really? I just got Medicaid and don't have to pay shit! I had $10k in hospital bills and paid nothing,positive,negative,negative,negative
Farsoon High-tech sees huge growth ahead in 3D printing - China Daily,neutral,positive,positive,positive
Did you miss the #NBAwards announcement? Here are the titles honored this year by @user,neutral,positive,positive,positive
@user Need to chuck pelosi into the potomac!,negative,neutral,neutral,neutral
"Steve Bannon is my Favorite Trump -Pick Yet, Breitbart is a threat to media🎉coming from a fellow Jew, Trump will ha…",positive,negative,neutral,negative
"That's incorrect I do, no one gets to clock out today.. #TheWalkingDead 😆",neutral,negative,negative,negative
"""They're doing everything to overthrow Brexit""",neutral,positive,negative,negative
Honey's a sweet success for Cuba as other bee populations suffer Cuba has no pesticides due to embargo.#SaveOurBees,neutral,positive,positive,positive
@user @user @user @user @user @user I hate pope Francis pope John Paul II was awesome,neutral,positive,positive,negative
@user @user @user wonder how they would feel if Kim Jong-un was the one helping Trump? i.e. Not a white guy,negative,neutral,neutral,neutral
New 2016 @user #Rapid #Facelift 1.5 Diesel DSG Review : Rejuvenated!http,neutral,negative,positive,positive
@user @user And the drama continues from DJT camp even though he won the electoral college!Stirring pot!,neutral,negative,positive,negative
2 medical marijuana users sue to force Arizona to reduce fees - Arizona Daily Star,negative,neutral,neutral,neutral
@user @user @user @user When the Dems weaponized the IRS they had to know it would circle back on them. 🐴,positive,neutral,neutral,negative
Canceled my FFXV preorder from Amazon; decided to save 1500yen and buy it in Toronto next month. Plus I haven't finished Persona 5 yet heh,neutral,negative,negative,negative
@user Any money left after giving it all away by purchasing a coveted spot in the Usless Nations? #UnitedNations #fb,negative,neutral,neutral,neutral
Trump hit by media for choosing billionaires for Cabinet it to the media to gripe they'll be someone there need no $,negative,neutral,neutral,neutral
@user we pulled out of the middle East and now we're fracking in America.,negative,neutral,neutral,neutral
"i want the ""hello"" part of that melania trump speech video played in a loop at my funeral.",negative,neutral,neutral,neutral
College professors are teaching our children how great socialism is while parents pay expensive tuition.See the re…,negative,positive,positive,neutral
@user We now wait for Maduro's turn,negative,positive,neutral,neutral
Op-Ed: Gun control will not solve gun <b>violence</b> #ExpressHatred,neutral,negative,negative,negative
Kim fatty the third,negative,neutral,neutral,neutral
@user @user @user @user Agreed,positive,neutral,neutral,neutral
"#Hatchimals Hatchimals have been out of stock everywhere, don't pay the outrageous markups, just wait, be patient",neutral,positive,negative,negative
@user @user that was a gift probably,neutral,positive,positive,positive
"The latest Politicos, political, politique,! Thanks to @user @user @user #fracking",neutral,negative,positive,positive
#news #summary: #uber rival #grab’s first #cfo is leaving the #company after just seven #months,negative,neutral,neutral,neutral
@user you should ask other leaders globally to have their own Obamacare.,positive,neutral,neutral,neutral
Dr. Love’s 5-Step Recipe for Romance on Valentine’s Day and Beyond,neutral,positive,positive,positive
@user not wasting ridiculous amounts of taxpayer money on a witch hunt is my gold standard. #publicityStunt,neutral,negative,positive,negative
#BOTVA16 Best Recurring ActorMichael Cudlitz @user #TheWalkingDeadJeffrey Dean Morgan @user #TWDhttp NOW,neutral,positive,positive,positive
The poem is the Constitution of the inner country.- Leonard Cohen,positive,neutral,neutral,neutral
"#Rohingya Muslims being 'ethnically cleansed', says UN official#Rohingyas #Muslims #UnitedNations #Ethnic…",negative,neutral,neutral,neutral
The Real Goal of the Anti-Trump Riots – Eliminate the Electoral College and the Constitution Part Two of Two Yep !,neutral,negative,negative,negative
"I come alive in the fall time 😨Coffee and Sniped Photo cred: mom @ Tipp City, Ohio",neutral,positive,positive,positive
"Progressives/liberals/leftists like arguing so much, we argue w/each other instead of choosing/believing in common ground to effect progress",negative,neutral,neutral,neutral
#thewalkingdead 😍 sweet dreams,neutral,positive,positive,positive
@user @user count them for what?? Why don't you worry about voter registration fraud?? That's where the fraud is going on,neutral,negative,negative,negative
Join me in ridding your house of #methane producing gas We don't need #fracking Seek @user from @user,negative,neutral,positive,neutral
"""How do you do, fellow alt-Rightists? Say, any of you revolutionaries up for an op against a designated target late…",negative,neutral,neutral,neutral
@user Some Bad Hombres,neutral,negative,negative,negative
"More on ""voter suppression operations"" and ""Facebook dark posts"".",negative,neutral,neutral,neutral
Ted Cruz: Gov. actuaries say #ObamaCare will increase health care spending by $621B over next 10 yrs %u2026 #pjnet,negative,neutral,positive,neutral
"people come out to voice, hope gay marriage through! I hope the Taiwan government can hear it. We love equality🌈🌈😭😭💞",neutral,positive,positive,positive
@user @user @user @user @user @user @user noise but no substance,negative,neutral,neutral,neutral
I'd believe more in self-driving cars if there were a single Map program that didn't frequently catastrophically malfunction,negative,neutral,neutral,positive
Retweeted #TrumpTransitionTeam (@user):#hamiltonmusical's auditions banned white...,negative,neutral,neutral,neutral
Steve Bannon is not afraid to talk openly about governing our country for the next 50 yearshttp,neutral,negative,positive,positive
North Korean officials asked that China block searches for the popular term.,negative,neutral,neutral,neutral
#OneDirection Story of My Life #Music,positive,neutral,neutral,neutral
"Okay, but you realize renewables account for around 13% of our energy consumption and we will run out of fossil fue…",negative,neutral,neutral,neutral
Myopic world of Brenda Power that sees violence as a solution - no human problem can EVER be solved by an act of violence-which abortion is,neutral,negative,negative,negative
"Man if I ever run into this guy, I'm decking him. #Westworld #WestworldFinale",negative,positive,positive,positive
@user What yr was this?What ifACjust had this1meeting?ACpromotes Holodomor.Don't think a KT would do that:,negative,neutral,neutral,neutral
thanks retards! #BlackLivesMatter #blacktwitter,negative,positive,positive,neutral
To all Trumpsters...need a job? Contact the #TrumpTransitionTeam! #RotsaRuck!!!,negative,neutral,neutral,neutral
"#Maduro, you must be the next one. #2017 do your work well",neutral,positive,positive,positive
@user @user Are you comparing Cuba to China and the ramifications of lifting the embargo to a call with Taiwan? #getaclue,negative,neutral,neutral,neutral
Awkward moment #289 - RKelly playing in your #uber and you dance,positive,negative,neutral,neutral
"@user is this a prophecy? Is that what you wish a hospitable country like US? If everyone, countries do the right thing no deplorables.",negative,positive,positive,neutral
@user @user @user good mans,neutral,positive,positive,positive
@user we probably need those riots to end the rentier paradise the country has come brexit or no,neutral,negative,negative,negative
You know it's not a good sign when Nigel Farage and Marine Le Pen take to Twitter for a gloat with ... via @user,neutral,positive,negative,negative
@user @user - democracy at the whim of the electoral college Is nut-worthy- @user (??),neutral,negative,positive,negative
"@user you still fighting for that minimum wage hike? ""A hair net is worth 👏🏼👏🏼👏🏼A fair net worth"" #HNLM",positive,neutral,neutral,neutral
"Natalie Cole, #Bowie, #Prince, Leonard Cohen, Leon Russell, Gwen Ifill, #SharonJones, & now #FidelCastro? Geez, 2016. 😭",negative,positive,neutral,positive
Saakashvili resigned his post in Odessa hoping his 'pal' The Don would back his ambition in Ukraine; Putin put The Don right on that one LOL,negative,neutral,neutral,neutral
if you said have the partime tech job with a 2nd partime job making minimum wage B/c you don't have a degree but you got the hot Asian gf,negative,positive,positive,neutral
"""Fact checks,""with neoliberal operating assumptions, grossly downplaying the embargo etc. See:…",negative,neutral,neutral,neutral
NVIDIA Doubles Down On Self-Driving Cars With Xavier AI Chip And A Hat Tip To Next Gen Volta GPU,positive,neutral,neutral,neutral
"Maduro the pin head. A Festival of Strife, isn't the world watching? @user #freevenezuela",negative,neutral,neutral,neutral
#GilmoreGirlsTop4 4) Emily 3) Luke 2) Richard 1) Paul Anka,positive,neutral,neutral,neutral
Really hope there's one person who appreciates this gold standard metal band pun.,neutral,positive,positive,positive
"No, U didn't pay enough attention 2 PUTIN Comey&Wikileaks!She is actually winning popular vote by 2million+ pollste…",neutral,negative,positive,negative
Bringing The World To Virtual Reality With Google Earth VR.,neutral,positive,positive,positive
@user @user wow the fact you like the cubs totally proves your existence,neutral,positive,positive,positive
@user dropped that heat 🔥🔥🔥🔥 .. #uber .. I'm fw that.. link in his bio 🏧💰 #omg #therealbfa…,neutral,negative,positive,positive
"Oh, and let's not forget getting that PS4 theme and costume DLC. Wew lad. Persona 5 has become far too much of a money sink.",neutral,positive,negative,negative
@user do anything for $ PIMP @user NEWS RETWEET-RUSSIANS/CLINTONS,negative,neutral,neutral,neutral
do jews admit alt-rightists into ADL meetings?,negative,neutral,neutral,neutral
AMAZING: Folliculitis Decalvans Homeopathic Cure by Dr. Ravi Singhhttp,neutral,positive,positive,positive
@user By her own admission he tried to pick up Melania while he was with a date. Trump is loyal to Trump. That's it. End of story.,negative,neutral,neutral,neutral
@user @user ERIC IM SURE YOUR DADS ON THIS RECOUNT SCAM RITE?GEORGE SOROS AND ALEX WOW!,negative,positive,neutral,positive
Prayers to #israel #israelisburning #haifa #jews #jerusalem,positive,neutral,neutral,neutral
@user @user Your kidding right? Contribute the most? Like gay marriage Trans bathrooms PC Obama Hillary no thanks!,negative,neutral,neutral,neutral
"NEWS : Christian Media in Nigeria : Yolanda Adams and Common singing ""Glory"" at the BET's #ThankYouObama event by…",positive,neutral,neutral,neutral
Id be more impressed if he pulled ashley Graham...baddest by my standard,neutral,positive,positive,negative
"@user @user do you think Malcolm X, Muhammad Ali, and MLK, ever had drinks with the KKK? 🤔",negative,neutral,neutral,neutral
just ... when?I died #onedirection #MtvStarsNiallHoran #3YearsofMidnightMemories #NiallOnAMAs,positive,negative,negative,neutral
@user @user They're natural conservatives goy,negative,neutral,neutral,neutral
Thx 4 Folow'ng @user This from #Jerusalem - a #contemporary take on prayer beads #art #culture…,positive,neutral,neutral,neutral
"@user Happily @ the mainland awaiting for Yulin, Maduro, Jay Fonseca, Putin, Kim Jong, Puertorican media, etc., to JOIN him.",neutral,positive,positive,positive
WeWeDonald Trump says...We need to build a wall on the Mexican border.We need somebody who can make america great again.. TF,neutral,negative,positive,positive
Jeep ferrying Castro's ashes broke down and needed to be pushed 😂😂,neutral,negative,negative,negative
Eight of my fellow monks & nuns & I are forming our own protest in front of Trump Hotel in DC tomorrow. We can't afford to wait#ResistTrump,negative,neutral,positive,neutral
"Dear Electoral College member, Dec 19 will be very interesting.",neutral,positive,positive,positive
"@user I love your products. However, I can't in good conscience buy your products anymore until you stop animal testing",neutral,positive,positive,negative
Steve Bannon’s First Pick For President - POLITICO // hold on to your seats: it's @user,positive,neutral,neutral,neutral
"Steve Bannon says Trump is “probably the greatest orator since William Jennings Bryan"" 😹😹😹😹😹😹😹😹 totes bigly",neutral,positive,positive,positive
good morning everyone except dakota access pipeline supporters,negative,neutral,positive,neutral
Only thing I care about rn is westworld.... and the universe doesn't wanna see me happy,neutral,positive,negative,negative
Zac Efron & Seth Rogen Both Have Abs -- Kinda -- In First Official Neighbors 2 #ZacEfron,positive,neutral,neutral,neutral
"in the Oregon experiment, 10,000 previously-excluded people (poor & childless) were given access to Medicaid for the first time",positive,negative,neutral,neutral
#Aleppo : Despite Russian airstrikes the Regime has failed to advance and the Opposition have killed 250 militiamen in the last 48 hours.,neutral,negative,negative,negative
@user @user @user FYI: Trump's new Cabinet Member #McFarland called Assange a Terrorist,negative,neutral,neutral,neutral
HILL YES!! #ImWithHer #TrumpNeverAnyone'sPresident #UniteBlue,neutral,positive,positive,positive
"#DeepLearning Key Terms, Explained #KDN",positive,neutral,neutral,neutral
@user is it de Galaxy Note 7,neutral,positive,positive,positive
@user @user Police found 2 arson devices in the forest near Haifa. Set by Arabs. Suspicious #Israel #Hamas #ISIS #CrushTheCaliphate,neutral,negative,negative,negative
"BUY medical marijuana, CANNABIS OIL,moon rocks AND SEEDS AT VERY GOOD PRICES",neutral,positive,positive,positive
"-Expect no real immigration reform, no wall on the Mexican border, no repeal of the sick joke known as…",neutral,negative,negative,negative
#Beauty #ArianaGrande-THE REMIX-JAPAN ONLY #CD E78 #Deals #TopSeller,positive,neutral,neutral,neutral
Why is Bradley Cooper here..... #ThankYouObama,negative,neutral,positive,positive
"Ireland's economic fortunes look good - but Brexit, EU tax rules and housing are wildcards",neutral,positive,positive,positive
@user @user Do you even know who Nancy Pelosi and Harry Reid are and what years they had control?,negative,positive,neutral,neutral
"Ingeniously finding a way to save vast sums on building costs, #Trump just sent a brigade of expert wall builders t…",negative,positive,neutral,neutral
Abbreviated pundit roundup: Trump packs cabinet with the megarich,negative,neutral,neutral,neutral
@user @user @user @user @user Nancy Pelosi and soooo many more w Obama masquerading as a Moderate.,negative,neutral,neutral,neutral
@user @user He violated the Cuba embargo. @user,neutral,negative,negative,negative
Courageous & compelling story telling of terrible trap for civilians #Mosul #Mosuloffensive @user,neutral,negative,positive,negative
"@user Ben Carson~""I would not advocate that we put a Muslim in charge of this nation. I absolutely would not agree with that.""",neutral,negative,negative,negative
#gilmoregirlstop44. Babette3. Miss Patty2. Lorelai1. KirkColor me surprised at how many people don't know how to spell Kirk.,negative,neutral,neutral,neutral
@user no but really! Lol,neutral,negative,positive,positive
That time Christina Crossin dropped Melania Trump speech during her set at the #INSCENE 2 year anniversary party...,negative,neutral,neutral,neutral
Melania Trump sues Slovenia journalist over 'escort' claims via @user,negative,neutral,neutral,neutral
"Voted for Trump because he tells it like it is; speaks his mind.*Millions protest because of things he said.*Folks, he didn't MEAN it!",positive,neutral,negative,negative
Marine le Pen applauds the result from Italy. #Renzi #ItalyReferendum,neutral,positive,positive,positive
"Spectator Hotel guests take on the #mannequinchallenge in our lobby. While sipping champagne, naturally.🍾",neutral,positive,positive,positive
@user @user @user @user Of course *smacks forehead* b/c white supremacists didn't support Trump throughout his campaign.,neutral,negative,negative,negative
"@user @user yes indeed, he's hopeful of global free trade and more immigration",neutral,positive,positive,positive
EPISODE 15 - FANTASTIC BEASTS AND WHERE TO FIND THEMhttp #FBAWTFT #MovieReview #MoviePodcast…,neutral,positive,positive,positive
Do people still want WW3? Is that why they're paying for a recount that's not happening? #Recount2016 #DrainTheSwamp,neutral,negative,negative,negative
@user @user @user well popular vote for Trumpster is approx. 61 million. Hillary well over 63 million. Hope!!,neutral,positive,positive,positive
"In the #Jerusalem shuk right now. Arabs, Jews, stronger than all the haters in the world! #israelisburning",neutral,positive,positive,negative
#TheWalkingDead EM MEMORIA 😳🌸MERLET-DOGLORISOPHIAGLENNABRAHAMBOBJACQUILIZZIETYREESEGOVERNADORSAMBETHNOAHANDREAMIKA,positive,neutral,neutral,neutral
"Emily, Paris, Kirk and Michel #GilmoreGirlsTop4 though it probably changes every other episode",positive,neutral,neutral,neutral
MS joins the Linux Foundation for $500k as it continues to extort many times that from LF members via patents.,negative,neutral,neutral,neutral
@user That Sellars favors a man who used consumer fraud to swindle citizens undermines his pretension.,neutral,negative,negative,negative
"#feminism #StillWithHer #liberals: speak out against real horror, not some the #msm caricature of @user",negative,neutral,neutral,neutral
"@user You see, gun control is a grand issue in this nation but we can't just simply ban guns. That'd be a violation of the 2nd...",neutral,negative,negative,negative
@user what about those WMDs in #Iraq why bomb #Libya and #Syria,neutral,positive,negative,negative
"So many games to think about now that I actually have a ps4.. persona 5, FFXIV AND FFXV, OW",neutral,positive,positive,positive
She totally Melania'd that speech #UsefulNewVerbs,negative,neutral,positive,positive
No fan of McConnell; surprised at failure to respond to #ministerofpropaganda 7:27 in video. Maybe he's human.,neutral,negative,negative,negative
@user I'll print & carry during anti-trump inaugural protest march. HOPE someone near me has NAKED Melania so we can pair 'em up!,negative,neutral,neutral,neutral
2 Episodes of Westworld down. 8 to go.,positive,neutral,neutral,neutral
Was able to get #hatchimals but no luck with the #NintendoClassicMini 😡 #blackfridayshopping,negative,positive,neutral,neutral
"@user I think the future looks like 3 parties: a socialist left, multi-cultural liberals, and FN-style rightists. @user",negative,neutral,neutral,neutral
If you're against animal testing then you're against animal testing ALWAYS - not until MAC release a really nice colour lipstick lol,negative,positive,positive,neutral
"420Magazine: ALS Patient Uses Medical Marijuana, Outlives Anti-Marijuana Doctors",positive,neutral,neutral,neutral
Microsoft love affair with Linux continues as it joins The Linux Foundation #breakingnews #zdnet,neutral,negative,positive,positive
@user @user @user @user @user another -> it's a real good on…,neutral,positive,positive,positive
"""We could do a WALL of solar panels on the border> BOOM> Mexican Sun God pays for it."" #TrumpNarratesPlanetEarth",negative,neutral,positive,neutral
#Mannequinchallenge we killed it,neutral,negative,positive,positive
"Even if this results in nothing, big PR coup for Trump,vs Obama's admin which didnt seem to do much,plus look at pi…",negative,neutral,neutral,neutral
Still relevant from this summer -- Trump and the art of bad publicity via @user,negative,neutral,neutral,neutral
Whatthefuck Liam OMG #liampayne #onedirection #hot #sixpack #leeyum #ily #king #lifesaver…,negative,positive,positive,positive
"@user Why is a bot linked to Soros donating to your recount fund at about 160K per day, why would you take money from George Soros?",neutral,positive,negative,negative
"Agree w/ no death penalty. UR cafeteria Catholic, unless U object to birth control, same sex marriage, communion for divorced/remarried.",negative,neutral,neutral,neutral
What are they waiting for? Comey to leave? Loretta Lynch to leave? How many are involved? How many are being blackm…,negative,neutral,neutral,neutral
@user @user FLASH! #AngelaLansbury turns her spout up at #BeautyAndTheBeast remake,positive,negative,neutral,neutral
"Story...Clinton Foundation paid off both Sanders and Stein, according to source. ~14 min last few min.",negative,neutral,neutral,neutral
Melania short circuiting during a televised speech. #KeepsTrumpUpAtNight,negative,neutral,neutral,neutral
"@user spends $Millions on politicians like #Giuliani, to push #iran war, makes Kim Jong Un look humble!http",negative,neutral,neutral,neutral
"Ride-sharing starts to change the way cities, urban landlords think about real estate #uber",positive,neutral,neutral,neutral
No one understands #Westworld not even the actors Bloody brilliant,neutral,positive,negative,negative
"Will the Dakota Access pipeline take a place in a bitter history? The pipeline would carry as much as 570,000...",negative,neutral,neutral,neutral
when you think people from the chicago suburbs are horrible but then you meet people from the Austrian countryside. #deplorables,neutral,negative,negative,negative
Always keep up to date with #Westworld try a free trial of #HBO through amazon!http,neutral,positive,positive,positive
@user @user @user Stein received a grant from the International Clinton Foundation,positive,neutral,neutral,neutral
@user @user don't let conservatives in denial disarm your alarm system-I really think ur insights are spot on,negative,neutral,neutral,positive
And we're very lucky that Trump not be able to go because he's doing his transition so we won't be embarrassed,neutral,negative,positive,positive
Debating ignorance isn't worth the timeor usefulTRUMP won!Suck it up buttercup!NO GUN CONTROL FOR YOU!@user @user,neutral,negative,negative,negative
If it wasn't for medical marijuana stress would be the end of me...,neutral,negative,negative,negative
"@user IA was one of the first states to legalize gay marriage.The IA I grew up in was smart,progressive and tolerant. WTH happened?",negative,neutral,positive,positive
"@user The GRIT that defeated Nazi war machine in Russia,in winter, is something to be feared, BUT same humans throw away women&orphans",neutral,negative,negative,negative
#32 - Saint Valentines Day,positive,neutral,neutral,neutral
"“We’re an important producer in that area and we have to respect our clients on both sides of the border,” CEO...",neutral,negative,positive,positive
BREAKING - Top Fox News Host to QUIT - to Work for Donald J. Trump #TrumpTransitionTeam #Fox News #POTUS @user,negative,neutral,neutral,neutral
@user @user Everyone knew that Trump would fill his cabinet with the For Private Profit types = no surprise here !,negative,neutral,neutral,neutral
Sheriff Puts Up Politically Incorrect Sign at The Office…Liberals Lose Their Minds,neutral,negative,negative,negative
Fire broke out in one of the #Palestinian shops in Occupied #Jerusalem,neutral,negative,negative,negative
Bob Dylan Highway 61 Revisited LP 1965 pressing with alternate From A Buick 6 ≈ 118 hours U…,positive,neutral,neutral,neutral
but then those pesky vaccines and antibiotics came along.,neutral,positive,negative,negative
Now Playing on #Channel80: Ricky Martin - Casi Un Bolero -,positive,neutral,neutral,neutral
@user I better win that friggin fracking contest,neutral,negative,positive,negative
"Bad HOMBRES, Awful Women of all ages (ft. “Odd Al” Yankovic)",neutral,negative,negative,negative
I liked a @user video from @user Anti-Donald Trump Protests and Riots in a Nutshell (VIDEO),neutral,negative,positive,positive
BREAKING: Paul Ryan & GOP Announce Plan To DRASTICALLY Cut Health Care (DETAILS),negative,neutral,neutral,neutral
Marco Rubio Urges Tolerance for LGBT People in Orlando Speech to Christian Conservatives: WATCH,positive,neutral,neutral,neutral
"#ISIS ""US officials say a secretive campaign of surveillance & drone attacks has cut the ISIS's ability to inspire attacks in the West. nyt",neutral,positive,negative,negative
VERY POSSIBLE & BEST REASON WHY NEW ATT GENERAL MUST INVESTIGATE & IMPANEL GRAND JURY ON CLINTON FOUNDATION & BOTH…,neutral,positive,positive,positive
"#TrumpTransitionTeam no matter who get hired or what happens, GOD is still in control 🙏🙏🙏🙏🙏🙏🙏🙏🙏🙏🙏",neutral,negative,positive,positive
@user I have nearly 30 health problems wrong with me. That's why I request legalizing medical marijuana for patients like me.,neutral,negative,negative,negative
"""Donald Trump isn’t just vowing to undo US climate policies as president. His transition team is also talking...",negative,neutral,neutral,neutral
Beck sounds alarm about Steve Bannon,negative,neutral,neutral,neutral
The new Miniestadi could be renamed after Cryuff as one of the options to remember him [@user] #fcblive,positive,neutral,neutral,neutral
@user You can thank fracking for this marvel. lol,neutral,positive,positive,positive
"Digital labor undercuts minimum wage, #Robotic Process #Automation gains traction in #FinancialServices. #FinTech…",negative,neutral,positive,positive
waaant,positive,neutral,neutral,neutral
@user come on bud... Those pants looked like the ones that hobo clowns wear. That guy was Ricky Martin singing sped up country songs,negative,positive,neutral,neutral
#BREAKING: #ISIS claims responsibility for attack on checkpoint that killed 12 soldiers in #Egypt's Sinai peninsula.,neutral,negative,negative,negative
@user @user @user @user @user WHY ARE YOU NOT TALKING ABOUT THE COUNTRY WIDE #ARSON HAPPENING.…,neutral,negative,negative,negative
I liked a @user video Sports Illustrated Swimsuit Cover Model Ashley Graham,neutral,positive,positive,positive
"@user such goofy fear-mongering. Notice you didn't have Poroshenko or Saakashvili on today,given the past week",neutral,negative,negative,negative
So does Rory have a Galaxy Note 7? Her phone is huge! Do not seek the treasure! #GilmoreGirlsRevival,neutral,positive,positive,positive
"anyone thinking ""deplorables""?",negative,neutral,neutral,neutral
someone: mentions pentagonme: (melania trump voice) Hello.,negative,neutral,neutral,neutral
So this is what happened in the comic...😁😁 #TheWalkingDead The amount of cringe has blew me off this planet😷…,positive,neutral,neutral,negative
#ifonly #stillwithher #presidenthillaryclinton #monsinnyc while walking down the street on…,positive,neutral,neutral,neutral
▓ ♡ ▓ #Deutsch ▓ ♡ ▓ BUCH <3 TIPP ▓ ♡ ▓ #German ▓ ♡ ▓ SEASON OF DESIRE - @user Momente des...,positive,neutral,neutral,neutral
"#Eurozone Ireland reunifies, why can't I? (Praise Kim Jong-un) #SydMUN16",negative,positive,positive,neutral
And here's one of the deplorables proving my point.,neutral,positive,negative,negative
"#Bahrain's courts uphold the death penalty agnst falsely accused tortured detainees Ali AlSingace, Abbas AlSameea &…",negative,neutral,neutral,neutral
#isis Slaughter of innocents continues in battle for Mosul - CNN #isis #breaking,neutral,negative,negative,negative
"Assessment on 2016: So far so good. Naipasa natin ang Budget on time for the first time. Hopefully next, maipasa na ang death penalty.",neutral,positive,positive,positive
It's about to be 2017 and i still can't get over zac efron and vanessa hudgens not dating anymore,neutral,negative,negative,negative
"@user @user 4. Careful what you say about Melania's favorite speech writer, Michelle Obama.",positive,neutral,neutral,neutral
KD for lunch and the last episode of season 6 of #TheWalkingDead -- Batter's up! Then it's on to 7.,positive,neutral,neutral,neutral
@user @user There's upside in dumping the TPP. It would have reinforced the use of 'geoblocking' to price gouge audiovisual content.,positive,negative,negative,neutral
"This is holding these groups back, the aura of corruption especially on p&t, esp. 3W, which even rightists are open to listen about.",negative,neutral,neutral,neutral
#onedirection fans might be interested in this Lightning Deal on Amazon UK soon,neutral,positive,positive,positive
How to be fierce with zac efron #part6 (THANK YOU @user !) (Vine by @user,neutral,positive,positive,positive
"if you're 64, say bye bye bye.... and welcome Wal-Mart shoppers, may i get you a cart?",negative,neutral,positive,positive
NBA star LeBron James giving $2.5 million to Muhammad Ali exhibit :Auto pickup by wikyou,positive,neutral,neutral,neutral
"Best description of why we need the Electoral College explained with facts! There are 3,141 counties in the...",neutral,positive,positive,positive
"#TheWalkingDead episode 42. The Governor is back to his old ways...plans on taking over the prison. For me, 8/10 #JJReviews",positive,neutral,neutral,neutral
"If CNN liberals said that math is racist, this algorithm must be the soul of KKK. LOL.",neutral,negative,negative,negative
#UN ACCUSES #MYANMAR OF #ETHNICCLEANSING #asean #unitednations #rohingya #rakhinestate #rakhine #burningvillages…,neutral,negative,negative,negative
"Oh well, time always catches up ......",neutral,positive,positive,negative
"Yes, yes, yes! A billion times yes. So say my daughters with autism who could lose their coverage of therapy. #ACA…",neutral,positive,positive,negative
The latest Google Earth News! Thanks to @user @user @user #googlemaps #vr,neutral,positive,positive,positive
@user yes! An organized #terrorist act. Operating in north #IsraelFires and #Jerusalem area! A surprise attack!,neutral,positive,negative,negative
"@user @user plenty of other news sources with riots, just look. Not to mention anti-trump assaults",neutral,negative,negative,negative
@user He who laughs last laughs best. Remember what you said?,neutral,positive,positive,positive
Italy has not voted on leaving the EU. Right leaning parties have lost influence in Italy and Austria. #brexit #notmypresident,neutral,negative,negative,negative
of course yes to Death Penalty 😡 criminals must die in more grievous cause of death.,neutral,negative,negative,negative
Germany says Aleppo assault worsening the Syria crisis:,neutral,negative,negative,negative
"If You Want Gun Control So Bad, Why Don't You Just Move to the South Side of Chicago? ->",neutral,negative,negative,negative
"North SF Bay Leftists, Where Art Thou? (New Sub: /r/SFNorthBayAnarchists)",negative,neutral,neutral,neutral
Move over Fracking @user @user @user @user,negative,neutral,neutral,neutral
Fuk knows y #auspol wld give to the Clinton Foundation % of Donations go to Charity 5.7%,negative,positive,neutral,neutral
"Castro Town: Fidel grew up here, but he came back to destroy ithttp",negative,positive,neutral,neutral
@user @user Giving thanks on the corner of @user street - #p2 #UniteBlue,neutral,positive,positive,positive
"NICE! It's all about the #innercity. | ""...to making our inner cities great for everyone...""- @user #Riots",neutral,positive,positive,positive
A lot of bad hombres!,neutral,negative,negative,negative
Highlight of last night had to be my brother and I talking about Cowboy Bebop and Persona 5 at Walmart,neutral,positive,positive,positive
Hopeful this day goes by quick. 😏 #NationalFastFoodDay,negative,neutral,positive,positive
".@user @user @user Yikes! No idea, but I don't have kids in the right age range. #Hatchimals",neutral,negative,negative,negative
4) Kirk 3) Mrs. Kim 2) Luke 1) Richard Gilmore #GilmoreGirlsTop4,positive,neutral,neutral,neutral
Move enthusiastically to your scariest worthwhile #dreams!http #DominatingYourMind #DYM…,neutral,positive,positive,positive
I liked a @user video Trump hit by media for choosing billionaires for Cabinet,neutral,positive,positive,positive
"Yes, Raul Castro is still in charge, but he's been warming up to the Obama Admin's offerings of normalcy in relations.",positive,negative,neutral,neutral
ANONYMOUS - The truth on the MEXICAN BORDER BIULD THE WALL!!@user @user @user @user,negative,neutral,neutral,neutral
"@user @user @user @user @user @user @user I thot ""bad hombres"" was racist now.",neutral,negative,negative,negative
Amm I seeing this right? Is trump really trying to fill his cabinet with the GOP picks he put out of the race...,negative,neutral,neutral,neutral
Why the Electoral College must choose Clinton. #faithlesselectors #hamiltonelectors #ElectoralCollege #StillWithHer,positive,neutral,neutral,neutral
"Everyone Google STEVE BANNON and shock, it time lookin out to share a lady today means so much to Date at the stage America.",neutral,positive,positive,positive
@user @user @user @user @user @user @user @user @user gay marriage then this....,negative,neutral,neutral,neutral
📸 | Messi presenting his new boots today. #FCBlive,neutral,positive,positive,positive
Our debate is no on recreational use of marijuana..... like uhm no bc get a medical card???????,neutral,negative,negative,negative
"@user The people have spoken. 30 states check, Dems flipped and voted for Trump like I did Prof. Latina from Central PA #NeverHer",positive,neutral,neutral,neutral
You can accept love!http #DominatingYourMind #DYM @user #NBAwards,neutral,positive,positive,positive
Perhaps it's time to depose Pope Francis and elect a faithful priest to be his successor: Robert Cardinal Sarah.,negative,neutral,neutral,neutral
@user Congrats 2 U! Finally #NewsHour acknowledging the US embargo on #Cuba. #Fidel #polisci #opengov #TPOT,neutral,positive,positive,positive
My #GilmoreGirlsTop4 4) Madeline 3) Kirk2) Luke 1) Richard,positive,neutral,neutral,neutral
LOCK HIM UP #UniteBlue #Resist #LibCrib #p2 #PDMFNB #CORRUPTION,neutral,negative,negative,negative
"Bob Dylan performs the full version of his 9th highest charting single, Hurricane live and uncensored in 1975 -",positive,neutral,neutral,neutral
"Philippines VP resigns from cabinet over 'differences' with Duterte, condemns war on drugs, reimposing death penalty",neutral,negative,negative,negative
She stole her speech just steel Michelle's dress.⚡T. Hilfiger: Any designer should be proud to dress Melania Trumphttp,negative,positive,neutral,neutral
@user @user full of herself? I mean it is a book about her life. Everything that happened w her in last year was newsworthy,negative,positive,positive,positive
"@user @user @user @user Or Illinois or Minnesota right next door? Oh because the Dems won those, nothing to see",negative,positive,neutral,neutral
"me, in 2008, a liberal: gay marriage, obama, society is Alright!me, in 2016, a socialist: it would be nice to avoid a nuclear holocaust.",negative,neutral,positive,neutral
Yes he's excited about doing it even tho social security helped him&his family when his father died! He deserves to…,neutral,positive,positive,positive
Look out below!! 👀 #DENatUTA (Vine by @user,positive,neutral,neutral,neutral
#duke Duke Highlight: Grayson Allen leads the way with 17 points in an 88-67 win over William & Mary Wednesday (ES…,neutral,positive,positive,positive
damn i still get upset when i think about the bracelet my bf in 6th grade gave me for valentines day and a heart filled with m&ms,neutral,negative,negative,negative
"Pitchers are a different world, my friend Cy Young tells me. Larry Walker is up there. Have to compare stats, and d…",positive,neutral,neutral,neutral
"RT @user This weekend, Neo-Nazi Richard Spencer (who coined the term ""alt-right"") led the crowd at his conference in DC in a ""Heil Trump…",negative,neutral,neutral,neutral
@user @user @user interesting news is exciting - doesn't mean she is being dishonest in her work.,neutral,positive,positive,positive
David Blaine's Frog Trick - Illuminati Exposed ( Satanic / Demonic Rituals) [LINK IN BIO]…,negative,neutral,neutral,neutral
"I've used Black Friday to pick up some Tim Duncan, James Harden and Giannis Antetokounmpo merch. Allegiances all over the shop.",positive,neutral,neutral,neutral
Trudeau Liberals even will remove mandatory minimum sentences on sex crimes against children - 😮 - did you vote for…,negative,neutral,neutral,neutral
Regime blasts Aleppo; aid urgently needed -,neutral,positive,negative,negative
"LEAKED?! THIS #LiamPayne’s debut solo single? #OneDirection ""Shawn Mendes"" #MTVStarsFifthHarmony #ARIASONEDIRECTION",positive,neutral,neutral,neutral
"#Daesh has called on its militants to travel to #Libya, Sinai in #Egypt, #Yemen, Khorasan & West Africa if they are unable to reach #Iraq",neutral,negative,negative,negative
@user wasn't it raised in 2-3 days?? Report said George Soros cyber bots contributed $165k per hour for a couple days.,negative,neutral,neutral,neutral
#WVIAPublicMedia Trump's Rejection Of TPP Paves Way For China To Strike Asian Trade Deals. Read Blog:,negative,neutral,neutral,neutral
The latest The Pink Sugar Miami Daily! Thanks to @user #trumptransitionteam,neutral,positive,positive,positive
Belgium minor first to be granted euthanasia,negative,neutral,neutral,neutral
Colour #3DPrinting is en vogue for luxury eyewear makers @user,neutral,positive,positive,positive
Its that time of night again where no one can beat me at Rock'em Sock'em Robots.,positive,negative,neutral,negative
@user @user @user @user it's you who doesn't understand why the electoral college was set up.,neutral,negative,negative,negative
George Soros' Son Pictured At Anti-Trump Riot? (PHOTO) via @user,negative,neutral,neutral,neutral
@user @user And everybody wondered what kind of rabbit hole we were going down in legalizing gay marriage.,negative,neutral,neutral,neutral
ben carson is so wild i can't,negative,positive,positive,positive
"Marine Le Pen suggests Italians rejected the EU, showing she doesn't understand what the #referendumcostituzionale…",neutral,negative,negative,negative
@user @user @user Please read the article about Steve Bannon and his adoration of sarah palin on the @user,positive,negative,neutral,neutral
"The week's top fashion moments on Instagram, like @user rocking @user",neutral,positive,positive,positive
@user Forget the pipeline. There is endless sunshine and plentiful wind to provide us with power. Why fossil fuels? That's crazy!,negative,positive,positive,positive
Happy funeral to all Liam's girls.AMÈM LIAM PAYNE #MtvStarsNiallHoran #MPN #OneDirection,neutral,positive,positive,positive
"@user And in good news tonight, Fidel Castro assumed room temperature. Now we just need his brother and Maduro to follow. Quickly.",negative,positive,neutral,positive
Gaston and Belle in a New Beauty and the Beast Photo #Disney #BeautyAndTheBeast,neutral,positive,positive,positive
@user @user @user LOL when Dems accuse other people of election rigging.,neutral,positive,negative,negative
NEW: Trump's Pick for Secretary of Education Is Sister of Blackwater FounderOLD: Half the Muslim Brotherhood works for the Obama Admin!...,negative,neutral,neutral,neutral
"Messi: “It's clear that I always like to win, but there are more important things than a win or a loss.” #fcblive",neutral,positive,positive,positive
It’s weird watching the Spurs without Tim Duncan.,negative,positive,neutral,neutral
"#FrankGaffney, 2 Others Replace #MikeRogers on #TrumpTransitionTeamFANTASTIC!! WE NEED #PROUSA #ISLAMIC #SCHOLARS",positive,neutral,neutral,neutral
"Marlon: ""I’ll take away this shirt, get my team mates to sign it and then hang it on the wall."" #fcblive",positive,neutral,neutral,neutral
My #GilmoreGirlsTop4 1. Richard 2. Gil 3. Jess 4. Luke,positive,neutral,neutral,neutral
Samsung is rolling out the Note 7’s software to the Galaxy Note 5 in Korea,neutral,positive,positive,positive
"@user You’re preaching to the choir, Gabi! #ThisIsUs",neutral,positive,positive,positive
"Stay classy, Deplorables!",neutral,positive,positive,positive
That's true. It helps me stick to vegetarianism 😂,neutral,positive,positive,positive
.@user Michelle must love to hear about your adventures with gay teens! #GOPHypocrite #GodsNotSavingYourCareer #UniteBlue,neutral,positive,positive,negative
Happy Black Friday idiot hookers love Chanel Oberlin 💋 #ScreamQueens #BlackFriday,neutral,positive,positive,positive
"@user I found that for Medicaid, the largest welfare program for poor Americans only had a fraud rate of 9.8%-- NOT a majority",neutral,positive,negative,negative
"Op-Ed: Obamacare isn't about health care, it's about power via @user",negative,neutral,neutral,neutral
@user Many of the Anti-Trump riots are led by REVCOM (Communist Party)!!,neutral,negative,negative,negative
Happy Iraqi soldiers celebrates pushing ISIS destroy reporter's show.#mosuloffensive #mosil #isis #iraq #war,positive,negative,neutral,neutral
#Barca Fans To Face Disciplinary Action After Directing Homophobic Chants Towards #Ronaldo During #ElClasico…,neutral,negative,negative,negative
"@user @user John Dean's book, Conservatives Without Conscience, makes a compelling case that Cons are inherently authoritarian.",negative,neutral,neutral,neutral
"@user @user Stay at his hotel in DC.....and maybe you get a special meeting. Hmmmmm, sounds like Clinton Foundation?",negative,neutral,neutral,neutral
Samsung Unveils The New Galaxy Note 7 And You Can Unlock It With Your Eyes via @user Nerd,neutral,positive,positive,positive
Michael Moore: Trump has to be opposedhttp,negative,neutral,neutral,neutral
Russia says will treat as terrorists rebels who refuse to leave Aleppo,neutral,negative,negative,negative
#Iraq #Erbil More #civilians casualties left un-attended and as hospitals lack resourceshttp #journalism,neutral,negative,negative,negative
@user @user @user air pope respects the play 👏🏼👏🏼👏🏼,neutral,positive,positive,positive
Pope Francis has declined to answer four cardinals’ ‘doubts’ about his teaching on marriage. The Church is now in...,negative,positive,neutral,neutral
"There was also the white guy with a smoking Samsung in his pocket, but let's freak out about the black guy w/ a sho…",negative,neutral,neutral,neutral
Bookends to a Disastrous Presidencyhttp #Obama's pathetic final non-victory lap around the world. #UniteBlue #TCOT,neutral,negative,negative,negative
"In this article, our Content Strategist, Michele Baker, takes an intriguing look at Google Earth VR, and where...",neutral,positive,positive,positive
I rated #ThisIsUs (S01E08) 5/5 on @user #MustWatch. Check out my review here,positive,neutral,neutral,neutral
Ha somewhat amusing- guess it is an in-dash tablet after all // Tempered Glass Screen Protector for Tesla Model S,neutral,positive,positive,positive
I'm making a PowerPoint on how vegetarianism isn't as unhealthy as people think,negative,neutral,neutral,neutral
@user @user @user bring the draft back! Deport all refuges & illegals out! Death penalty 4killing officers!,neutral,negative,negative,negative
@user #Trump #Bds #Palestine #ps4blackfriday ... here more about zionists lies... link ->…,neutral,negative,negative,negative
@user from @user - 🍑Shake your Bon-bon 🍑 @user #rickymartin #onewor…,positive,neutral,neutral,neutral
It is very important to know that vaccines do not cause autism,positive,negative,neutral,neutral
Comeee onnnnn kim jong un😭😭😭😭,negative,neutral,positive,positive
Dirk bout to pull Tim Duncan but in a worse manner brutal season but will go out on a press release statement is all nice n quiet,neutral,negative,positive,negative
"Here comes Marine Le Pen, she is hoping for a similar upset next year in the French election, says Italy votes against EU...",negative,positive,neutral,neutral
Medically caused death in America - Every case of SIDS - the made up phenomena to cover up Death by Vaccines.,neutral,negative,negative,negative
Happy Black Friday to everyone except deplorables.,neutral,positive,positive,positive
We got rid of the #RedCoats in the 1700's it's time to get rid of the #RedHats...#WontBackDown #MangoMussolini #democrats #UniteBlue,negative,neutral,neutral,neutral
“Facebook is what propelled Breitbart to a massive audience. We know its power.” - Steve Bannon. (Scary article.),neutral,negative,positive,positive
"Message to #Poroshenko: women who lost her child, husband from Ukrainian shelling #ukraine #war",neutral,negative,negative,negative
@user He sits with a clear and clean soul at the apple garden in Heaven learning about the future of deep Grace with angels..,neutral,positive,positive,positive
Young Barça fans in Glasgow who managed to get autograph from Messi and take selfie with him. #fcblive,neutral,positive,positive,positive
#(JIGGA MAN) Paris L. Wilson The Gold Standard Artist.,positive,neutral,neutral,neutral
@user I'm totally looking forward to Yakuza 0 and Persona 5! But after XIII I'm not sure I can ever love again,neutral,positive,positive,positive
#MosulOffensive it will be a great day to see him dead in a cave.,neutral,positive,positive,negative
@user It seems even Nobel prize is for sale. Amartya Sen then and Bob Dylan now,negative,neutral,neutral,neutral
"Ben Carson got the last job on the list, why? Housing ,URBAN DEVELOPMENT, ALL BLACK MEN CAN DO THIS JOB. He will stay out of OUR WAY. 🎺 SAID",negative,neutral,neutral,neutral
@user Just part & parcel of GOP voter fraud plan:Voter suppressionGerrymandering Voter IDHeavy Dem areas: Limit polling stations,neutral,negative,negative,negative
Still Report # 1113 – NY Prosecutor Preet Bharara Goes After Corrupt Clinton Foundation....http via @user,negative,neutral,neutral,neutral
BÄÄÄÄM I love it 😊 what a bunch of assholes 😂😂 @user #thewalkingdead #normanreedus…,neutral,positive,positive,positive
No Candy for Valentines Day? No problem! - A food-free holiday - #eczema #Eczema #Allergies,neutral,negative,positive,positive
"Putin-Troll Marcel Sardo, one of the top-top Kremlin #trolls , operating from #switzerland , look his customer list…",negative,neutral,neutral,neutral
"@user I 100 percent agree! And passion, articulate, hell, Melania plagiarized her mo's speech even!",negative,neutral,positive,positive
The latest Daily Insights on Ancestral Health from @user Thanks to @user #uniteblue,neutral,negative,positive,positive
'PRECIATE YOU LOOKING OUT !,neutral,positive,positive,positive
@user @user @user no one yet talks about #Pizzagate in the open. It'll fall out of the closet from Clinton Foundation,negative,neutral,neutral,neutral
.. Kim Fatty The Third. #KimFattyTheThird.. #America is keeping an eye on you. and #KimFattyTheSecond. and #KimFattyTheFirst.,negative,neutral,neutral,neutral
@user @user she clearly does! she did better & now has a better life. work hard & look after what you really need & want,neutral,positive,positive,positive
@user @user Lets start calling Lynch's office&tell her do her job investigate Comey for violating the Hatch Act,negative,neutral,neutral,neutral
"In 2016, population in control of ISIS shrunk from 10 to 6 million Territory shrank by 16%. 10 major cities to 5.#ThankYouObama",positive,negative,neutral,neutral
@user @user @user @user @user if it's good enuff for chuck... I'm in,neutral,positive,positive,positive
Liberals and #ThemDems need an attitude adjustment.,neutral,negative,negative,negative
40 of Messi's 471 goals for Barca have been assisted by his striking partners Neymar (20) and Suarez (20) #fcblive…,neutral,positive,positive,positive
@user Is part of The Open Society. Bought and paid for by George Soros.They're in deep and favors are due.…,negative,neutral,positive,neutral
"#GilmoreGirlsTop4 Kirk, Sookie, Luke and Jess",positive,neutral,neutral,neutral
"@user , sorry man ...Have to learn everthing about @user this Kim Jong-un is not into Soccer ???…",neutral,negative,negative,negative
"@user no wonder Kim Jong Un wrote a letter saying ""what about meeee?! I cannot be haxx0r?""",neutral,negative,negative,negative
"I Tried The College Thing & Minimum Wage Thing, Not My Cup Of Tea, Sowwy,",negative,neutral,neutral,neutral
Rest In Peace #jamesmeans I'm praying for his family #BlackLivesMatter,neutral,positive,positive,positive
"FACT: Robots cannot, and then shipped worldwide for global communism.",neutral,negative,negative,negative
"Not if The United States, Planet Earth, & The Freedom Fighters have a thing to say about it: ""Michael Moore The...",negative,neutral,neutral,neutral
"""The taste of victory has become sweeter in your bullets, O Aleppo"". #SyrianArmySaves",neutral,positive,positive,positive
"Count third party votes, and he lost the popular vote by approximately 7 million votes!",neutral,negative,negative,negative
Ham should be the main dish of Thanksgiving not some dry ass turkey 😂,positive,negative,neutral,neutral
I JUST TIPP D KIMCHI AND CRIED,negative,positive,neutral,positive
The truth is out there: there is a wall on the US Mexico border. #truthBlog,negative,neutral,neutral,neutral
Let LE officers protect their communities! Pundits merely upset at law enforcement for doing its job.,positive,neutral,negative,negative
Here Is Everything You Should Know About Melania Trumphttp,positive,neutral,neutral,neutral
"@user @user Yes, because Obamacare and race is the only reason to vote for or against Trump 'sarcasm'.",negative,neutral,neutral,neutral
marine le pen celebrating the referendum result along with... paul mason,neutral,positive,positive,positive
"@user @user ...to be the Dem leaders again. Talking about you Schumer and Pelosi. With them in charge, nothing changes.",negative,neutral,positive,neutral
Retweeted UberFacts (@user):An excuse... Exactly what I didn't need. #NationalFastFoodDay...,negative,neutral,neutral,neutral
"Army Corps Issued Dec. 5th Deadline for ALL Camps at Standing Rock to Clear Out. Funny, this isn't the line Obama admin took w/Bundy #NoDAPL",negative,positive,neutral,neutral
And in another top breaking story: hell has just frozen over...,neutral,negative,negative,negative
Neither #romney nor #Giuliani For Sec of StatePick someone else@user @user @user,negative,neutral,neutral,neutral
"The Dogon Speak on Being Happy, Diet and Vegetarianism",neutral,positive,positive,positive
@user @user This guy will. Kansas has super voter registration laws & almost 0 fraud! If they put Kri…,positive,negative,neutral,neutral
Say It Loud: Two New Books Look Back at #BlackPower from the age of #Trump and #BlackLivesMatterhttp,positive,neutral,neutral,neutral
"On a scale of 1-10, I'd give Steve Bannon a 1.5...",negative,neutral,neutral,neutral
Ah we missed it this weekend #SmallBizSatUK! We'll be there next week. Check out our new website at…,neutral,positive,positive,positive
What are the 5 biggest mistakes that people assume about homeopathy...http #homeopathictreatments,neutral,positive,negative,negative
.@user Galaxy Note 7 & 3 more smartphones of the year,neutral,positive,positive,positive
"@user @user @user @user Please, dude. You probably loved her until she stood up to your boy.",neutral,positive,positive,positive
@user pope Francis ministering to wicked afflicted and effected,negative,positive,neutral,positive
Lunes de The Walking Dead y Westworld.El mundo funciona bien.,positive,neutral,neutral,neutral
We need #NationalTakeAHikeDay after yesterday was #NationalFastFoodDay,positive,neutral,neutral,neutral
"The average social security benefit was $1,341 in 2016. The average rent for a 1 bedroom in San Diego is $1,634.#seniors @user",negative,neutral,neutral,neutral
"Deeply flawed & elite centric GCC ws backd by UN & Intl Comunity.It kept Saleh n control&reshufled elite,ultimately…",neutral,negative,negative,negative
There must be a band called Bad Hombres out there somewhere. #TrumpInauguralBand,negative,neutral,neutral,neutral
"@user I thought you kneww something about big business. If you don't know about interviewing and hiring, you don't know much.",negative,neutral,neutral,neutral
@user @user Please let go of the hatred and anger and quit bullying our president elect. America needs to help him help us.,neutral,negative,negative,negative
"Random photos from #NBAwards, mostly of poetry judges and poets.",positive,neutral,neutral,neutral
Breastfed babies have better antibody response to vaccines than formula-fed.Call FREE #breastfeeding consultation.…,neutral,positive,positive,positive
8 is the reason I'm a Linux user.,negative,neutral,positive,positive
United Nations Development Program (UNDP): South Korea offers USD 1M to support stability in #Libya.,positive,neutral,neutral,neutral
"In other news, North Korea has been begging China to censor ""fatty Kim the third"" from its websites and China finally coalesced",negative,neutral,neutral,neutral
"#IslamicState ""#ISIS"" claims responsibility for terror attack on security checkpoint for Egyptian Army at #Arish in…",neutral,negative,negative,negative
Birds defeat Tipp in their home opener 38-28. #1-0 🏀,positive,neutral,neutral,neutral
"@user @user @user If you lower your minimum wage to $1 or are prepared to pay $3000 for an iphone, sure",negative,neutral,neutral,neutral
The Trump Foundation was used as his personal slush fund. The Clinton foundation is a highly-rated charity that has…,negative,neutral,neutral,neutral
@user why dont you protest terrorists to leave aleppo. war will over in minutes. No suffering.,neutral,negative,negative,negative
WE ARE CRAZY MOFOS ! WE TAKE DOWN ALL HATERS! #ThisIsUs #WeAreDirectioners #directioner #onedirection @user,neutral,negative,positive,positive
Ya they don't disappoint.i love watching them make complete fools of themselves and show the American people what a…,neutral,positive,positive,positive
#hatchimals #giveaway #gtk I wanna win,neutral,positive,positive,positive
"new tech trends- Microsoft joins the Linux Foundation - latest cell phone reviews , latest tech gadget,",neutral,positive,positive,positive
Holla to all my bad hombres who decided to work today and get that money $$$ #blackgrinday,positive,negative,neutral,negative
#teens with fat pussys zac efron and vanessa have sex,negative,neutral,neutral,neutral
@user the Rugby Leaders also had a go at the #MannequinChallenge,positive,neutral,neutral,neutral
NO ONE SAW THAT HAPPENING 😍 @user #OneDirection,positive,neutral,neutral,negative
"Lighten up, censors in #China. How can you not love the #search term 'Fatty #Kim the Third'?",neutral,positive,negative,negative
"@user @user It's sarcastic. You can't force people to take vaccines, you only can offer it and talk about benefits.",negative,neutral,neutral,neutral
<-The Magnificence Of Minka #nsfw #bath #bubble #onedirection,positive,neutral,neutral,neutral
#GilmoreGirlsTop4 Can't be Lorelei or Rory 4)Mrs Kim 3) Miss Patty 2) Emily 1) Luke,positive,neutral,neutral,neutral
Fox & Friends 11\25\16: An Inquiry Already ? Dems Push Gao To Investigate Trump Transition: via @user,negative,neutral,neutral,neutral
@user @user The same McConnell who was minority leader as Obamacare was passed? Riiiight 😂,positive,neutral,neutral,neutral
"look at that, one year of vegetarianism and i havent dropped deed from a lack of protein!!",positive,negative,negative,negative
I had wanted to add Kim jong un. Should have swapped him with Mussolini,negative,neutral,neutral,neutral
"Again, just so we're clear. Banning abortion doesn't stop it happening, it just makes it unsafe.",neutral,negative,negative,negative
He is only trying to clean up Philippines. What is death penalty compared to the threat of Islamic terrorism?,neutral,negative,negative,negative
But ... but ... The Clinton Foundation!!!!#ResistTrump#PurpleRevolution #Midterms2018#ImpeachTrump,negative,neutral,neutral,neutral
When did #Thanksgiving turn into Valentines Day? So. Many. Couples. Pictures.,positive,neutral,neutral,neutral
"@user I have to, cuz Walmart has #TheWalkingDead season 6 for $10. Hopefully it's still there. 😑",neutral,positive,positive,positive
David Blaine only thinks for himself. When has he looked at anybody?,negative,neutral,neutral,neutral
Hundreds Flee Wildfires Near #Jerusalem,neutral,negative,negative,negative
Russia: Zenit stadium will be finished ‘by the end of this year’ – Putin... via @user,positive,neutral,neutral,neutral
"The NAZI's and Italian Fascists were coercive socialists, basically the communists. Don't confuse 1941 Stalin propaganda with history.",neutral,negative,negative,negative
4. Sookie3. Kirk2. Richard1. Luke#GilmoreGirlsTop4,positive,neutral,neutral,neutral
The latest Pray To End Abortion! Thanks to @user @user @user #prolife #tcot,neutral,negative,positive,positive
Getting ready for European Tour 2017! With support from @user and the #Trumptards! #MAGA #MERA…,neutral,positive,positive,positive
"10,000 vote win with cheating all around. That's the margin of that last rally. Steve Bannon earned everything he's…",negative,positive,neutral,neutral
(Slideshow) the unintended ways #SelfDrivingCars will change our lives - $TSLA $UBER $GM $F $BMW $GOOG,positive,neutral,neutral,neutral
Had to allow myself one bit of online shopping today since they're only making one run of these Leonard Cohen homag…,positive,neutral,neutral,neutral
@user @user 'grab her in the pussy because I can' is not locker room talk. Doesn't even compare to sexy pictures.,neutral,negative,negative,negative
"Getting mad at @user for impersonation is beyond me. It's ""admiration"" as it was said when Melania repeated that speech. 😌🙊👀 #teamgigi",negative,neutral,neutral,neutral
ULTIMATE No Makeup #Makeup Look for Indian Skin I @user #makeupgiveaway,positive,negative,neutral,negative
"Faculties overwlmngly vote Dem, study finds. Even econ profs go left, debunking belief that Repubs bttr 4 biz.",negative,neutral,neutral,neutral
@user Donald Trump is great for so many reasons. He will label #blacklivesmatter as a hate group that they are. Bye bye Obama. 😂👋,neutral,negative,positive,positive
"I find myself taking stock of the issues I care about most and hope to direct my efforts there. In that sense, I'm #StillWithHer",neutral,negative,positive,positive
"Duke is overrated.""Grayson Allen is trash.""UNC will beat y'all.""Wahoowa",neutral,negative,negative,negative
Drank so much beer yesterday that I somehow bypassed drunk + ended up completely sober? 🤔...I blame David Blaine,neutral,negative,negative,negative
"@user @user Please no more Michael Moore pictures, I just ate",negative,neutral,neutral,neutral
Sen. Warren wants investigation of Trump's transition team i would Look at holder Powell Hillary's Aides Be Afraid,negative,neutral,neutral,neutral
My dad has been reading #TheWalkingDead nonstop for the past two days.,positive,neutral,neutral,neutral
"@user @user Indeed. If Steve Bannon followed Kissingers's orders, you'd hail him as great progressive.",neutral,positive,positive,positive
"Messi: ""To have a good team, everything starts there"" #fcblive",neutral,positive,positive,positive
@user #isis and #BlackLivesMatter beware. It's now legal for #americans to protect themselves in this…,negative,positive,neutral,neutral
"New lyric for 2016 ""So if I can shoot rabbits then I can shoot Alt-Rightists""http",negative,neutral,neutral,neutral
"@user There's nothing wrong with vegetarianism so long as you throw in the occasional fish, steak, chicken, & pork.",neutral,negative,positive,positive
<-Asian Slut Squirts A Lot While Fucked #nsfw #bath #bubble #onedirection,neutral,negative,negative,negative
Trump addressed one of the top issues of leftists a decade ago& they protest,negative,neutral,neutral,neutral
@user @user @user @user possibly utilize the Boston Globe Spotlight team for investigation !!!!,negative,neutral,neutral,neutral
Gigi Hadid apologizes for Melania Trump AMA impression Freedom Of Speech Takes Another Hit Under @user,negative,neutral,neutral,neutral
"@user although it'd be extra nice is Maduro (president of Venezuela, where i live) could be included in that pack with Fidel",negative,positive,positive,neutral
Everyone start tweeting a picture of tRump to him and retweet all that you see #notmypresident #StillWithHer #nevertrump,negative,positive,neutral,neutral
The #Iranian regime carries out acts of terror against its own people on a daily basis; money from the #irandeal we…,neutral,negative,negative,negative
The fact that Zac Efron wasn't Troy's singing voice in the first High School Musical is why I have trust issues,neutral,negative,negative,negative
Happy @user oppression day,neutral,positive,positive,positive
LIVE on #Periscope: Justice for Kenneth Chamberlin Sr. #blacklivesmatter,positive,neutral,neutral,neutral
Still digesting #Westworld - will have to rewatch!,neutral,positive,positive,positive
Immigration through Mexico is disgusting border patrol told to stand down 45 days ago back to work border patrol very happy🇺🇸🇺🇸🇺🇸🇺🇸🇺🇸🇺🇸🇺🇸,neutral,negative,negative,negative
#DAPL is a waste of time & money. We need to focus our time & money on reusable energy and get away from fossil fuels.,neutral,negative,negative,negative
Tiny Ripples of Hope: Happy Thanksgiving; Now Get Back to Being Poor#p2 #UniteBlue,neutral,positive,positive,positive
We need a nationwide voter registration reset ... clean it up now,negative,neutral,neutral,neutral
I DIDN'T KNOW RICKY MARTIN WAS A GUEST AT THE 1989 WORLD TOUR OH MY FUCKING GOD,neutral,negative,negative,negative
@user Cracks me up that these *intellectuals* support the EC as long as it confirms popular vote. Then what's the point of having EC!,neutral,positive,positive,negative
Give it a listen! Raw project from one of the realest 🙌🏽✊🏽 #blacklivesmatter #unapologeticallyblack…,neutral,positive,positive,positive
WestWorld is even more meta than Community.,positive,negative,neutral,neutral
Happy Thanksgiving to all the bad hombres and nasty women.,negative,positive,positive,neutral
"@user He already has a friend, the blamee who ""wrote"" Melania's RNC speech.",negative,neutral,neutral,neutral
.This will make you rethink animal testing #CambridgeKillers,neutral,negative,negative,negative
"With picks of Steve Bannon & Micheal Flynn, @user unpopular win radically alters Obama's post-presidency plans via @user",negative,neutral,neutral,neutral
@user & the WALL Trump wants to build? I researched. It would take $45+ billion to build his 1900 mile wall on Mexican border....,negative,neutral,neutral,neutral
"rumor #trump will import the Great Wall of China, and install it on the Mexican Border #maga #Mexicanwall",negative,neutral,neutral,neutral
Zac Efron & Seth Rogen Flex Their Muscles In Short Shorts — 'Neighbors 2' Pic #ZacEfron #ZacEfron,positive,neutral,neutral,neutral
It's so funny watching all the White Supremacists and conspiracy theory nuts attack Mitt Romney.Romney is the only GOP with a spine left.,positive,negative,neutral,negative
"Awesome @user .The media blasted Melania & the Obama's done the same""just words"" @user U put Melani…",negative,positive,positive,positive
fuck me up. he's drop dead gorgeous. #ScreamQueens,neutral,negative,positive,positive
"Fine, FINE edge! Can't blame Verlander for challenging #ausvrsa",neutral,positive,positive,positive
"Label scan for Bob Dylan's 12th biggest hit, Subterranean Homesick Blues.",positive,neutral,neutral,neutral
"Hell yes #TWDFamily @user The Official Magazine followed me and liked a few of my Drawings, honored…",neutral,positive,positive,positive
Get a gift card today and we'll add 20% at no charge @user #Christmas #FantasticBeasts @user,neutral,negative,positive,positive
Wow! Back in '99 this thought didn't even cross tech futurists! Microsoft joins the Linux Foundation via @user,neutral,positive,positive,positive
"Saakashvili is pushing his own agenda here.The Ukrainian economy is growing, although corruption is still a problem…",negative,neutral,neutral,neutral
@user Drops leaked #Yemen files from @user -2015Should be interesting,neutral,positive,positive,positive
Obvious Celine Dion should be the #BeautyAndTheBeast movie sound track ..come on bitches is her song 😒,negative,positive,positive,positive
"#DylannRoof People are saying, if Dylann Roof gets the death sentence, Breitbart News and Steve Bannon will demand national day of mourning",neutral,negative,negative,negative
"@user Megyn, Please interview Halderman from the Univ of Michigan re:discrepancy in the results in counties with e-voting machines.",negative,neutral,neutral,neutral
@user you know... deep learning promises us heaven but I can't talk my through the neural net code yet :/,neutral,negative,positive,negative
@user @user @user @user Using those Clinton Foundation bucks while there's till money left,negative,neutral,neutral,neutral
@user @user Thank goodness for the wisdom of our founding fathers. They never even mention the popular vote.,neutral,positive,positive,positive
@user only you can stop politics-as-usual. #DrainTheSwamp #MAGA,positive,negative,negative,neutral
"My mom used to say,""Lay down with dogs, get up with fleas."" Just sayin' . #TrumpTransitionTeam #DrainTheSwamp",negative,neutral,neutral,neutral
i read the first line and thought it was from melania's speech,negative,neutral,neutral,neutral
RT @user Trump transition statement on alt right conference where neo nazis and white nationalists were praising Trump's election,negative,neutral,neutral,neutral
That time @user arrived in #Russia and the FSB's Olga Kostina was waiting at the airport to facilitate his defec…,negative,neutral,neutral,neutral
Here's our #BeautyAndTheBeast trailer breakdown:,positive,negative,neutral,neutral
@user perfect @user,neutral,positive,positive,positive
Chicken tenders... and frozen custard and crinkle cuts and cheese curds and 😋 @user #TenderMomentsSweepstakes…,positive,neutral,neutral,neutral
IMAGE: As ISIS takes your life Obama is on the links. #tcot #isis #islamisevil #nobama #fail #incompetent #golf,neutral,negative,negative,negative
Aren't we supposed to phase off and divest from fossil fuels ?,negative,neutral,neutral,neutral
"@user plan against the coming horror of climate change. Obama just this June approved 1,500 offshore fracking wells. They guy",negative,neutral,neutral,neutral
@user @user @user “Kim Fatty the Third” will have to go on a diet.,negative,neutral,neutral,neutral
I suspect the reason why Putin denounced bitcoin is b/c countries manipulate their currency value to help each other with regards to trade.,neutral,positive,negative,negative
"AMERICA controlled by KGB moles?No White House, but Red House?Demand the Popular Vote no Electoral Vote!SAVE THE USA NOW!",neutral,negative,negative,negative
They smile at you @user for selling arms to Saudi Arabia and at you @user for defending BoomBoomB…,negative,neutral,neutral,neutral
@user yeah that was interesting in Austria. But does it have much influence on Italy elxn/potential for Marine le Pen to win in France?,neutral,positive,positive,positive
"@user @user @user @user @user I wouldn't know about any rightists in gov, cucks yes, but no rightists",negative,neutral,neutral,neutral
@user #Liberals #Premier #KathleenWynne helped #AG @user escape her #FailureOfDuties! via,negative,neutral,neutral,neutral
Take Beer!! Takbeer!!!#ISIS #IS #daeshbags,neutral,negative,positive,negative
@user @user where is the FBI on this and why is trump not questioned on his participation w/ Cuba during an embargo?,negative,neutral,neutral,neutral
@user that's not the point .The govt cannot ignore the lawAlso 51 million did not vote for Brexit,neutral,negative,negative,negative
#Japan Issues Emergency Pamphlets to Inform Citizens to Prepare for Possible #Nuclear #War with North #Korea:,negative,neutral,neutral,neutral
We used see-think-wonder to help us investigate the UNCRC. This week is the 25th anniversary of the UNCRC.…,positive,neutral,neutral,neutral
I hope for the sake of all Venezuelans tonight that Maduro considers that he will have to face Him too.,negative,neutral,neutral,neutral
Presumably we took all that gold for saving all those 'lives'. Sounds much better than saying we mugged #Libya and…,negative,positive,neutral,neutral
"Bankruptcy of wisdom promotes leftists media to ask opinion of Greece about economics,the country bailed out by Ger…",neutral,positive,negative,negative
See @user sexiest fashion looks:,neutral,positive,positive,positive
"Those criticizing her for the ""I thought I was the only one allowed to **** Verlander"" need to find a hobby, and maybe a job.",neutral,negative,negative,negative
una de mis favoritas. #NowPlaying The (Shipped) Gold Standard de Fall Out Boy ♫,positive,neutral,neutral,neutral
"#GilmoreGirlsTop4 Luke, Lorelai, Jess, Lane",positive,neutral,neutral,neutral
Senator calls on President Obama to reroute pipeline. What is more important @user company profits or safe water?,negative,neutral,neutral,neutral
Mind fucked!#BreakingBad #TheWalkingDead#BB #TWD,neutral,negative,negative,negative
Tesla's latest Easter Egg enables hypercar-like sprints #tesla,neutral,positive,positive,positive
"In China, King Jong Un is popularly referred to as ""Kim Fatty the Third"" which is probably the brightest world news you'll see in a while",neutral,positive,positive,positive
@user trump cabinet is all white,negative,neutral,neutral,neutral
@user @user @user @user You do realize he lost the popular vote by 2 million. Most of that red is land.,neutral,negative,negative,negative
Gen. Flynn alleged to have committed major breach of Pentagon security - @user,neutral,negative,negative,negative
@user @user @user @user no trump is pushing to get rid of most those fools hence #draintheswamp,neutral,negative,negative,negative
The other day I went on a date & this guy asked me why was I wearing my Cubs jersey if that already passed... niggaaaaa are you fr rn😐🙄,negative,neutral,neutral,neutral
@user @user I was just thinking this the other day!,positive,neutral,neutral,neutral
Kim fatty the third 😂😂😂 @ CSIS | Center for Strategic & International Studies,negative,neutral,neutral,positive
I think I have spent quite enough on Persona 5.,positive,neutral,neutral,neutral
Be the 1st to check out our new look at Pl give ur feedback. #Ayurveda #Homeopathy…,positive,neutral,neutral,neutral
@user so many deplorables..need a basket the size of Russia,neutral,negative,negative,negative
#POTUSTrump voters are very comfortable with #TrumpTransitionTeam process because the drama reads a lot like #OldTestament:#MAGAforDummies,negative,neutral,positive,neutral
@user @user @user @user 2018 may see the MOST ACTIVE Democratic primaries with more challenges than ever before.,neutral,positive,positive,positive
"#Aleppo slaughter: #Russia #Assad guilty of bombing civilians, world guilty of doing nothing #UN #POTUS #EU @user",neutral,negative,negative,negative
But really... can't feel like we can #DrainTheSwamp with him around. #Cabal,neutral,negative,negative,negative
Really sounds like @user doesn't want this job. Know who did? @user It's why I'm #StillwithHer,neutral,negative,negative,negative
@user In a roomful of Adolfs be a Ruth #ruthgruber #nytimes #TrumpTransitionTeam #SundayMorning,negative,positive,neutral,neutral
"...""radical acceptance"", a rigorous mental determination to meet head on the most powerful negatives in our lives...",negative,positive,neutral,neutral
"""Robots"" (2005) is a sensitive movie (B) #ConamaraViews <oh8qpr>",positive,neutral,neutral,neutral
But the AP notes 'Kim Fat Fat Fat' still works,negative,neutral,neutral,neutral
"The Cuban embargo remains for many sectors, as trade grows slowly @user reports from…",negative,neutral,neutral,neutral
Learn more about how medical marijuana eases suffering for #Arthritis :,positive,neutral,neutral,neutral
@user @user @user @user @user @user @user That didn't take long-GOP=Special interest.,negative,neutral,neutral,neutral
@user @user @user Yeah Grayson Allen. 17 points vs W&M,positive,neutral,neutral,neutral
Robots endanger up to two-thirds of emerging economy jobs: UN,neutral,negative,negative,negative
'Absurd & Evidence Free' (Polite way of saying Pack of Lies) - #Iran Rejects #Israel Claim of Arms for #Hezbollah on Commercial Flights,neutral,negative,negative,negative
"Euthanasia for alcoholics?! When life is devalued this is what can happen, all life is valuable @user",neutral,positive,positive,negative
Not too late to enjoy #thanksgiving! Buy your fave #sextoys @ using discount coupon codes @user,neutral,positive,positive,positive
"on googling, 'police samsung galaxy note 4' looks popular7,000 West Yorks5,000 Wales2,000 Lancs1,500 Cumbria1,800 Essex2,000 Kent ?",neutral,positive,positive,positive
"We might've 'stalled' a little, but it's here (we always knew our 'musical statues' skills would come in handy one…",neutral,positive,positive,positive
"Author @user wins @user award for ""The Underground Railroad"" via @user #NBAwards",neutral,negative,positive,positive
Fidel Castro's Apple Victory Could Be Short-Lived #fakeheadlinebot #learntocode #makeatwitterbot #javascript,neutral,positive,negative,negative
Picture | That time I took a photo of Zac Efron taking a photo of Zac Efron. Efronception. |,positive,neutral,neutral,neutral
We cannot afford to ignore the conflict in #Yemen #protecthumanity #stopindifference,neutral,negative,negative,negative
"Something to fight for: Schumer, Pelosi throw down the gauntlet on @user plan to privatize, voucherize Med…",positive,neutral,neutral,neutral
📷 “Cuba sends physicians all over the world. The U.S. responds with an embargo.” Via USSR 2.0,negative,neutral,neutral,neutral
Well - we shld be grateful for that home b/c most likely the DT admin will cut it from the budget/put them on the s…,negative,neutral,positive,positive
5 Incidents of How Zac Efron Is Inspirational,neutral,positive,positive,positive
@user @user @user @user Yes. US citizens happily employed for MINIMAL (not minimum) wage! I can see it now!,neutral,negative,positive,positive
@user unfortunately that requires a Galaxy Note 7,neutral,negative,negative,negative
HAHAHAHA Chanel #5 is running out of blood 😹 #ScreamQueens,neutral,positive,negative,negative
"Couple scorched earth w/voter obstruction, suppression & gerrymandering & you have GOP policy. They fear THE VOTE.",neutral,negative,negative,negative
@user you shut your mouth Grayson Allen is a saint,negative,neutral,positive,positive
"@user ""As conservatives, we also care about your sexuality though"".",negative,neutral,neutral,neutral
I'd love your thoughts on this!,neutral,positive,positive,positive
Uno wen u finally get over the fact u were in Tipp for 8 wks on placement and then get an email to say u'll be in Kilkenny for another 8 wks,negative,neutral,neutral,neutral
@user @user sir serious concern must take to avoid fossil fuels solar cars and so on must come to india jai hind.,negative,neutral,neutral,neutral
"Obama goes to Cuba after 50+ years of embargo, LIBTARDS pat him on the back. Trump gets a congratulations from...",neutral,positive,positive,positive
I'm not going to sack Tony romo but I will sack dak,negative,neutral,neutral,neutral
@user @user I don't know costs associated with security of a Pres. I do know 8 yrs of Obama admin has taken a huge toll on America.,neutral,negative,negative,negative
The phoenix cried fat tears of pearlWhen the dragon snapped up his best girl 🎶 @user #FantasticBeasts #FBNewthttp,negative,positive,positive,neutral
"#Yemen: hospitals being terrorised by US allied, #Saudi funded anti-Houthi forces in Ta'iz",neutral,negative,negative,negative
The latest #NoTPP Today (http Thanks to @user @user @user #stoptpp #tpp,neutral,positive,positive,positive
"‣ Chomsky and Hillary | ""Why are some leftists acting that Hillary was some great..."" | | #AngryArab",neutral,positive,negative,negative
BREAKING Fox NEWS: (WTF) President OBAMA at fault for ANTI TRUMP riots,neutral,negative,negative,negative
Listen to #NBAwards Winner @user interview on @user,positive,neutral,neutral,neutral
Pelosi should go no matter,negative,neutral,positive,neutral
The Reputation Doctor weighs in on Tony Romo #NFL @user joins @user on #TheMorningRush LISTEN:,positive,neutral,neutral,neutral
The latest Bare Thoughts that matter!! Thanks to @user @user @user #nodapl #nbawards,neutral,negative,positive,positive
Ah the time-honoured tradition of wrapping a hard day's work with a #mannequinchallenge,neutral,positive,positive,positive
Git 'em girls #BarackObama #blm #blacklivesmatter #mylifematters #therealskinnysuge #thepeopleschamp #skinnyup #pmd…,neutral,positive,positive,negative
perfect pussy clips #vanessa hudgens zac efron naked,neutral,negative,positive,positive
